TiempoMin,Id,LargoUm,AnchoUm,Forma,Tipo
12.0,1,4.982,1.857,Bacilo,ecoli
11.0,1,2.851,2.258,Bacilo,ecoli
1.0,1,4.282,1.944,Bacilo,ecoli
1.0,1,2.417,1.602,Bacilo,ecoli
4.0,1,4.796,2.052,Bacilo,ecoli
7.0,1,4.455,1.310,Bacilo,ecoli
2.0,1,3.779,0.834,Bacilo,ecoli
10.0,1,4.977,0.558,Bacilo,ecoli
16.0,1,4.658,1.836,Bacilo,ecoli
21.0,1,2.913,2.562,Bacilo,ecoli
5.0,1,3.612,0.574,Bacilo,ecoli
14.0,1,3.853,1.483,Bacilo,ecoli
18.0,1,4.030,1.557,Bacilo,ecoli
11.0,1,3.344,1.227,Bacilo,ecoli
19.0,1,3.311,1.188,Bacilo,ecoli
23.0,1,4.072,0.955,Bacilo,ecoli
17.0,1,2.662,2.265,Bacilo,ecoli
18.0,1,2.114,0.792,Bacilo,ecoli
16.0,1,3.183,1.652,Bacilo,ecoli
4.0,1,4.782,2.502,Bacilo,ecoli
19.0,1,4.111,1.522,Bacilo,ecoli
11.0,1,2.309,2.112,Bacilo,ecoli
5.0,1,2.134,1.795,Bacilo,ecoli
23.0,1,2.615,1.867,Bacilo,ecoli
18.0,1,3.545,2.050,Bacilo,ecoli
17.0,1,3.818,1.457,Bacilo,ecoli
6.0,1,3.296,1.054,Bacilo,ecoli
14.0,1,3.709,1.522,Bacilo,ecoli
12.0,1,4.246,1.649,Bacilo,ecoli
14.0,1,3.526,2.265,Bacilo,ecoli
5.0,1,4.951,2.144,Bacilo,ecoli
9.0,1,4.416,0.882,Bacilo,ecoli
11.0,1,4.357,2.111,Bacilo,ecoli
19.0,1,2.806,1.813,Bacilo,ecoli
20.0,1,4.288,0.606,Bacilo,ecoli
6.0,1,2.144,2.589,Bacilo,ecoli
13.0,1,4.574,1.373,Bacilo,ecoli
1.0,1,3.432,2.054,Bacilo,ecoli
17.0,1,2.970,2.580,Bacilo,ecoli
19.0,1,3.077,2.512,Bacilo,ecoli
10.0,1,2.062,1.330,Bacilo,ecoli
2.0,1,3.413,0.576,Bacilo,ecoli
21.0,1,2.068,1.897,Bacilo,ecoli
13.0,1,2.120,0.756,Bacilo,ecoli
18.0,1,2.473,1.369,Bacilo,ecoli
12.0,1,2.050,1.589,Bacilo,ecoli
12.0,1,2.574,1.932,Bacilo,ecoli
4.0,1,2.078,1.505,Bacilo,ecoli
18.0,1,4.598,0.764,Bacilo,ecoli
17.0,1,2.562,1.464,Bacilo,ecoli
9.0,1,2.776,1.851,Bacilo,ecoli
14.0,1,3.470,1.973,Bacilo,ecoli
18.0,1,4.270,1.483,Bacilo,ecoli
18.0,1,2.427,1.568,Bacilo,ecoli
11.0,1,3.540,0.592,Bacilo,ecoli
15.0,1,4.462,2.347,Bacilo,ecoli
10.0,1,3.822,1.891,Bacilo,ecoli
10.0,1,2.669,2.382,Bacilo,ecoli
23.0,1,3.640,0.719,Bacilo,ecoli
17.0,1,4.947,1.023,Bacilo,ecoli
20.0,1,2.587,0.560,Bacilo,ecoli
22.0,1,3.256,0.588,Bacilo,ecoli
8.0,1,4.119,2.148,Bacilo,ecoli
20.0,1,4.574,2.098,Bacilo,ecoli
21.0,1,3.090,1.716,Bacilo,ecoli
22.0,1,2.922,1.267,Bacilo,ecoli
6.0,1,4.928,0.602,Bacilo,ecoli
23.0,1,2.884,0.963,Bacilo,ecoli
13.0,1,3.898,2.148,Bacilo,ecoli
8.0,1,3.391,2.389,Bacilo,ecoli
2.0,1,2.431,0.723,Bacilo,ecoli
5.0,1,4.446,2.258,Bacilo,ecoli
9.0,1,2.747,2.197,Bacilo,ecoli
14.0,1,4.261,0.622,Bacilo,ecoli
13.0,1,3.307,1.685,Bacilo,ecoli
17.0,1,3.518,0.730,Bacilo,ecoli
21.0,1,3.669,2.387,Bacilo,ecoli
3.0,1,4.177,1.192,Bacilo,ecoli
21.0,1,4.491,1.370,Bacilo,ecoli
11.0,1,3.478,1.369,Bacilo,ecoli
8.0,1,4.828,1.244,Bacilo,ecoli
17.0,1,2.227,2.527,Bacilo,ecoli
13.0,1,4.392,0.719,Bacilo,ecoli
22.0,1,3.688,1.412,Bacilo,ecoli
8.0,1,4.244,1.285,Bacilo,ecoli
10.0,1,2.688,2.184,Bacilo,ecoli
21.0,1,2.953,1.524,Bacilo,ecoli
20.0,1,4.472,1.291,Bacilo,ecoli
4.0,1,3.762,2.562,Bacilo,ecoli
16.0,1,3.935,2.054,Bacilo,ecoli
6.0,1,2.975,1.417,Bacilo,ecoli
18.0,1,4.337,1.960,Bacilo,ecoli
19.0,1,4.887,1.107,Bacilo,ecoli
12.0,1,4.659,1.875,Bacilo,ecoli
14.0,1,2.568,0.784,Bacilo,ecoli
12.0,1,4.207,1.385,Bacilo,ecoli
20.0,1,4.023,0.958,Bacilo,ecoli
7.0,1,2.042,1.818,Bacilo,ecoli
15.0,1,3.139,1.113,Bacilo,ecoli
4.0,1,3.478,1.991,Bacilo,ecoli
9.0,1,4.127,1.558,Bacilo,ecoli
7.0,1,2.849,2.160,Bacilo,ecoli
8.0,1,4.770,1.359,Bacilo,ecoli
6.0,1,3.180,0.508,Bacilo,ecoli
21.0,1,3.098,1.887,Bacilo,ecoli
6.0,1,4.513,2.485,Bacilo,ecoli
9.0,1,3.897,0.781,Bacilo,ecoli
7.0,1,3.638,0.999,Bacilo,ecoli
14.0,1,3.480,0.578,Bacilo,ecoli
17.0,1,2.022,2.119,Bacilo,ecoli
6.0,1,3.486,1.290,Bacilo,ecoli
13.0,1,4.313,1.173,Bacilo,ecoli
15.0,1,2.279,0.737,Bacilo,ecoli
4.0,1,4.309,0.727,Bacilo,ecoli
18.0,1,4.264,2.063,Bacilo,ecoli
9.0,1,3.404,1.395,Bacilo,ecoli
2.0,1,3.416,2.150,Bacilo,ecoli
6.0,1,3.131,0.677,Bacilo,ecoli
9.0,1,4.629,1.591,Bacilo,ecoli
8.0,1,2.930,1.515,Bacilo,ecoli
17.0,1,4.711,1.352,Bacilo,ecoli
13.0,1,2.844,1.736,Bacilo,ecoli
3.0,1,4.360,2.016,Bacilo,ecoli
18.0,1,4.718,0.635,Bacilo,ecoli
22.0,1,3.314,0.762,Bacilo,ecoli
10.0,1,3.510,0.960,Bacilo,ecoli
7.0,1,3.443,1.497,Bacilo,ecoli
11.0,1,3.853,2.265,Bacilo,ecoli
13.0,1,2.260,1.345,Bacilo,ecoli
4.0,1,3.353,0.930,Bacilo,ecoli
4.0,1,3.916,0.718,Bacilo,ecoli
12.0,1,2.742,1.840,Bacilo,ecoli
13.0,1,3.098,2.569,Bacilo,ecoli
4.0,1,4.536,0.635,Bacilo,ecoli
7.0,1,2.804,2.158,Bacilo,ecoli
11.0,1,2.779,0.687,Bacilo,ecoli
21.0,1,4.122,2.423,Bacilo,ecoli
7.0,1,4.824,1.503,Bacilo,ecoli
6.0,1,2.351,2.311,Bacilo,ecoli
4.0,1,2.865,1.705,Bacilo,ecoli
21.0,1,3.038,1.170,Bacilo,ecoli
7.0,1,3.066,2.238,Bacilo,ecoli
9.0,1,2.006,1.391,Bacilo,ecoli
8.0,1,2.240,1.460,Bacilo,ecoli
20.0,1,4.485,2.546,Bacilo,ecoli
16.0,1,3.840,2.523,Bacilo,ecoli
4.0,1,3.705,1.140,Bacilo,ecoli
14.0,1,2.993,1.742,Bacilo,ecoli
15.0,1,4.678,1.369,Bacilo,ecoli
2.0,1,4.024,0.790,Bacilo,ecoli
21.0,1,4.886,0.645,Bacilo,ecoli
5.0,1,3.670,2.101,Bacilo,ecoli
8.0,1,4.024,1.826,Bacilo,ecoli
16.0,1,4.762,1.324,Bacilo,ecoli
13.0,1,2.518,1.326,Bacilo,ecoli
22.0,1,2.920,1.030,Bacilo,ecoli
3.0,1,3.985,1.804,Bacilo,ecoli
8.0,1,4.899,2.194,Bacilo,ecoli
5.0,1,2.846,1.105,Bacilo,ecoli
16.0,1,4.231,0.864,Bacilo,ecoli
1.0,1,2.904,2.455,Bacilo,ecoli
16.0,1,4.375,2.290,Bacilo,ecoli
22.0,1,3.511,1.065,Bacilo,ecoli
16.0,1,3.907,1.644,Bacilo,ecoli
13.0,1,3.406,1.978,Bacilo,ecoli
3.0,1,4.000,2.584,Bacilo,ecoli
3.0,1,2.850,1.537,Bacilo,ecoli
19.0,1,2.831,1.861,Bacilo,ecoli
5.0,1,2.303,0.510,Bacilo,ecoli
21.0,1,3.793,2.213,Bacilo,ecoli
7.0,1,2.325,1.010,Bacilo,ecoli
1.0,1,3.931,1.117,Bacilo,ecoli
14.0,1,3.083,1.448,Bacilo,ecoli
14.0,1,3.863,1.623,Bacilo,ecoli
18.0,1,4.417,1.632,Bacilo,ecoli
13.0,1,4.891,2.487,Bacilo,ecoli
19.0,1,2.808,1.971,Bacilo,ecoli
19.0,1,4.001,1.512,Bacilo,ecoli
5.0,1,2.975,1.201,Bacilo,ecoli
6.0,1,2.535,0.888,Bacilo,ecoli
18.0,1,3.433,1.307,Bacilo,ecoli
19.0,1,2.196,1.666,Bacilo,ecoli
8.0,1,3.474,0.922,Bacilo,ecoli
9.0,1,3.108,2.099,Bacilo,ecoli
12.0,1,4.993,1.564,Bacilo,ecoli
12.0,1,3.298,2.268,Bacilo,ecoli
11.0,1,2.675,2.546,Bacilo,ecoli
1.0,1,4.156,1.103,Bacilo,ecoli
16.0,1,3.922,0.564,Bacilo,ecoli
19.0,1,4.176,1.858,Bacilo,ecoli
3.0,1,4.304,1.196,Bacilo,ecoli
7.0,1,2.982,0.546,Bacilo,ecoli
18.0,1,3.744,2.513,Bacilo,ecoli
8.0,1,2.996,2.010,Bacilo,ecoli
14.0,1,4.807,1.217,Bacilo,ecoli
15.0,1,2.892,2.268,Bacilo,ecoli
4.0,1,2.021,0.581,Bacilo,ecoli
17.0,1,3.254,0.768,Bacilo,ecoli
6.0,1,2.104,2.285,Bacilo,ecoli
7.0,1,2.602,2.155,Bacilo,ecoli
20.0,1,3.615,0.606,Bacilo,ecoli
1.0,1,4.829,1.682,Bacilo,ecoli
16.0,1,3.299,1.842,Bacilo,ecoli
15.0,1,2.102,1.015,Bacilo,ecoli
2.0,1,4.642,1.066,Bacilo,ecoli
9.0,1,2.144,2.051,Bacilo,ecoli
20.0,1,3.962,2.414,Bacilo,ecoli
11.0,1,2.211,2.196,Bacilo,ecoli
13.0,1,3.079,1.556,Bacilo,ecoli
13.0,1,3.596,0.955,Bacilo,ecoli
6.0,1,4.584,1.638,Bacilo,ecoli
10.0,1,4.672,1.547,Bacilo,ecoli
20.0,1,3.440,1.501,Bacilo,ecoli
6.0,1,4.318,1.818,Bacilo,ecoli
4.0,1,2.623,2.137,Bacilo,ecoli
6.0,1,4.585,1.521,Bacilo,ecoli
23.0,1,4.153,2.345,Bacilo,ecoli
19.0,1,2.460,1.156,Bacilo,ecoli
9.0,1,2.057,0.576,Bacilo,ecoli
5.0,1,3.926,1.868,Bacilo,ecoli
21.0,1,2.608,1.562,Bacilo,ecoli
2.0,1,3.755,1.314,Bacilo,ecoli
8.0,1,3.893,1.064,Bacilo,ecoli
2.0,1,2.543,2.598,Bacilo,ecoli
1.0,1,4.800,1.755,Bacilo,ecoli
21.0,1,4.579,1.575,Bacilo,ecoli
2.0,1,3.998,2.058,Bacilo,ecoli
18.0,1,2.400,0.852,Bacilo,ecoli
5.0,1,4.772,2.208,Bacilo,ecoli
15.0,1,2.176,0.719,Bacilo,ecoli
18.0,1,3.684,2.513,Bacilo,ecoli
1.0,1,2.136,2.385,Bacilo,ecoli
11.0,2,4.099,0.504,Bacilo,ecoli
12.0,2,3.618,0.558,Bacilo,ecoli
1.0,2,4.254,0.824,Bacilo,ecoli
6.0,2,3.653,1.544,Bacilo,ecoli
6.0,2,4.142,0.518,Bacilo,ecoli
11.0,2,2.606,0.899,Bacilo,ecoli
10.0,2,4.882,2.157,Bacilo,ecoli
23.0,2,3.165,2.573,Bacilo,ecoli
8.0,2,3.224,1.356,Bacilo,ecoli
12.0,2,3.565,2.018,Bacilo,ecoli
10.0,2,3.003,0.514,Bacilo,ecoli
7.0,2,3.540,1.214,Bacilo,ecoli
21.0,2,3.920,1.334,Bacilo,ecoli
19.0,2,2.529,1.095,Bacilo,ecoli
12.0,2,4.535,2.326,Bacilo,ecoli
16.0,2,4.914,1.738,Bacilo,ecoli
14.0,2,3.227,1.105,Bacilo,ecoli
16.0,2,4.852,1.303,Bacilo,ecoli
11.0,2,4.067,2.578,Bacilo,ecoli
15.0,2,3.962,0.759,Bacilo,ecoli
3.0,2,3.344,2.527,Bacilo,ecoli
22.0,2,3.060,1.361,Bacilo,ecoli
23.0,2,2.908,1.869,Bacilo,ecoli
13.0,2,4.379,0.650,Bacilo,ecoli
15.0,2,2.719,2.225,Bacilo,ecoli
10.0,2,2.054,0.786,Bacilo,ecoli
14.0,2,3.578,1.736,Bacilo,ecoli
22.0,2,4.255,1.585,Bacilo,ecoli
15.0,2,2.617,0.842,Bacilo,ecoli
14.0,2,3.156,2.451,Bacilo,ecoli
14.0,2,4.401,0.828,Bacilo,ecoli
21.0,2,2.480,0.600,Bacilo,ecoli
11.0,2,3.212,1.842,Bacilo,ecoli
20.0,2,4.972,2.218,Bacilo,ecoli
10.0,2,4.832,0.520,Bacilo,ecoli
23.0,2,4.818,2.311,Bacilo,ecoli
17.0,2,3.599,2.538,Bacilo,ecoli
21.0,2,2.404,2.232,Bacilo,ecoli
17.0,2,2.837,1.723,Bacilo,ecoli
1.0,2,3.234,1.803,Bacilo,ecoli
11.0,2,4.873,2.323,Bacilo,ecoli
3.0,2,3.126,1.762,Bacilo,ecoli
17.0,2,3.170,1.594,Bacilo,ecoli
11.0,2,4.062,0.840,Bacilo,ecoli
16.0,2,4.655,1.231,Bacilo,ecoli
20.0,2,4.903,1.845,Bacilo,ecoli
5.0,2,2.676,1.146,Bacilo,ecoli
11.0,2,4.038,1.694,Bacilo,ecoli
7.0,2,3.235,1.707,Bacilo,ecoli
5.0,2,3.806,0.658,Bacilo,ecoli
4.0,2,4.589,2.285,Bacilo,ecoli
12.0,2,3.138,1.561,Bacilo,ecoli
18.0,2,4.081,0.583,Bacilo,ecoli
6.0,2,3.271,0.571,Bacilo,ecoli
10.0,2,3.936,2.452,Bacilo,ecoli
15.0,2,4.614,1.734,Bacilo,ecoli
10.0,2,4.757,0.699,Bacilo,ecoli
4.0,2,4.231,0.989,Bacilo,ecoli
20.0,2,2.022,2.417,Bacilo,ecoli
2.0,2,4.210,2.039,Bacilo,ecoli
20.0,2,4.100,0.752,Bacilo,ecoli
16.0,2,3.007,0.779,Bacilo,ecoli
13.0,2,2.563,2.159,Bacilo,ecoli
10.0,2,4.575,2.034,Bacilo,ecoli
6.0,2,4.537,2.306,Bacilo,ecoli
13.0,2,2.440,0.958,Bacilo,ecoli
12.0,2,2.905,0.730,Bacilo,ecoli
6.0,2,2.638,1.257,Bacilo,ecoli
10.0,2,3.951,0.975,Bacilo,ecoli
9.0,2,3.033,0.985,Bacilo,ecoli
10.0,2,3.791,2.064,Bacilo,ecoli
14.0,2,3.896,1.136,Bacilo,ecoli
22.0,2,2.439,0.694,Bacilo,ecoli
9.0,2,3.941,0.559,Bacilo,ecoli
2.0,2,3.756,2.485,Bacilo,ecoli
15.0,2,2.578,1.302,Bacilo,ecoli
15.0,2,4.118,0.948,Bacilo,ecoli
1.0,2,2.731,1.172,Bacilo,ecoli
11.0,2,4.961,1.211,Bacilo,ecoli
9.0,2,2.575,2.501,Bacilo,ecoli
9.0,2,3.471,2.451,Bacilo,ecoli
14.0,2,2.157,2.128,Bacilo,ecoli
20.0,2,4.572,0.507,Bacilo,ecoli
17.0,2,3.006,2.091,Bacilo,ecoli
10.0,2,3.136,2.101,Bacilo,ecoli
18.0,2,4.055,1.194,Bacilo,ecoli
6.0,2,4.642,1.141,Bacilo,ecoli
4.0,2,4.666,0.990,Bacilo,ecoli
3.0,2,2.121,2.133,Bacilo,ecoli
18.0,2,3.143,1.767,Bacilo,ecoli
4.0,2,4.619,1.124,Bacilo,ecoli
7.0,2,3.616,1.618,Bacilo,ecoli
2.0,2,2.436,2.323,Bacilo,ecoli
3.0,2,2.641,0.691,Bacilo,ecoli
1.0,2,3.700,1.460,Bacilo,ecoli
12.0,2,4.358,2.126,Bacilo,ecoli
19.0,2,3.389,1.802,Bacilo,ecoli
1.0,2,4.383,2.513,Bacilo,ecoli
11.0,2,4.414,1.440,Bacilo,ecoli
19.0,2,4.563,1.414,Bacilo,ecoli
23.0,2,2.592,1.117,Bacilo,ecoli
14.0,2,4.774,1.747,Bacilo,ecoli
4.0,2,4.000,0.568,Bacilo,ecoli
20.0,2,2.588,1.877,Bacilo,ecoli
19.0,2,3.467,2.087,Bacilo,ecoli
1.0,2,2.674,1.985,Bacilo,ecoli
16.0,2,3.366,1.624,Bacilo,ecoli
15.0,2,4.566,2.399,Bacilo,ecoli
4.0,2,2.445,1.747,Bacilo,ecoli
12.0,2,2.548,2.093,Bacilo,ecoli
2.0,2,2.633,1.074,Bacilo,ecoli
6.0,2,4.686,1.884,Bacilo,ecoli
21.0,2,2.194,1.940,Bacilo,ecoli
12.0,2,2.942,2.163,Bacilo,ecoli
22.0,2,3.280,1.731,Bacilo,ecoli
4.0,2,4.198,1.439,Bacilo,ecoli
11.0,2,3.419,1.045,Bacilo,ecoli
9.0,2,4.032,1.914,Bacilo,ecoli
5.0,2,4.722,1.936,Bacilo,ecoli
13.0,2,4.114,2.407,Bacilo,ecoli
13.0,2,3.642,1.962,Bacilo,ecoli
1.0,2,3.501,2.218,Bacilo,ecoli
18.0,2,3.970,2.285,Bacilo,ecoli
8.0,2,2.966,1.251,Bacilo,ecoli
16.0,2,4.233,1.117,Bacilo,ecoli
20.0,2,4.291,0.792,Bacilo,ecoli
22.0,2,4.822,2.108,Bacilo,ecoli
23.0,2,2.718,1.604,Bacilo,ecoli
1.0,2,4.030,1.731,Bacilo,ecoli
5.0,2,4.307,2.378,Bacilo,ecoli
15.0,2,4.057,0.703,Bacilo,ecoli
20.0,2,2.621,2.268,Bacilo,ecoli
13.0,2,2.265,2.497,Bacilo,ecoli
13.0,2,2.886,1.616,Bacilo,ecoli
1.0,2,2.074,1.736,Bacilo,ecoli
14.0,2,2.473,1.237,Bacilo,ecoli
10.0,2,2.061,1.671,Bacilo,ecoli
20.0,2,4.075,0.820,Bacilo,ecoli
8.0,2,4.503,0.655,Bacilo,ecoli
18.0,2,4.218,1.060,Bacilo,ecoli
15.0,2,2.421,1.292,Bacilo,ecoli
2.0,2,2.728,1.081,Bacilo,ecoli
17.0,2,2.512,2.516,Bacilo,ecoli
20.0,2,4.840,2.563,Bacilo,ecoli
21.0,2,3.435,1.898,Bacilo,ecoli
21.0,2,2.666,0.651,Bacilo,ecoli
13.0,2,4.721,2.098,Bacilo,ecoli
10.0,2,4.306,2.158,Bacilo,ecoli
7.0,2,2.605,1.773,Bacilo,ecoli
16.0,2,4.160,2.584,Bacilo,ecoli
11.0,2,2.519,0.794,Bacilo,ecoli
19.0,2,3.580,1.820,Bacilo,ecoli
9.0,2,2.027,2.347,Bacilo,ecoli
13.0,2,4.987,1.771,Bacilo,ecoli
20.0,2,3.605,0.646,Bacilo,ecoli
9.0,2,3.583,0.754,Bacilo,ecoli
10.0,2,2.011,2.080,Bacilo,ecoli
13.0,2,3.850,0.997,Bacilo,ecoli
1.0,2,3.259,1.413,Bacilo,ecoli
3.0,2,4.904,1.247,Bacilo,ecoli
5.0,2,4.531,0.910,Bacilo,ecoli
20.0,2,4.041,1.239,Bacilo,ecoli
9.0,2,2.075,2.233,Bacilo,ecoli
21.0,2,3.620,1.722,Bacilo,ecoli
6.0,2,4.516,2.325,Bacilo,ecoli
5.0,2,3.557,2.145,Bacilo,ecoli
18.0,2,4.093,2.128,Bacilo,ecoli
3.0,2,2.054,2.333,Bacilo,ecoli
15.0,2,2.162,1.523,Bacilo,ecoli
1.0,2,3.546,1.059,Bacilo,ecoli
4.0,2,4.985,2.411,Bacilo,ecoli
12.0,2,4.134,1.039,Bacilo,ecoli
18.0,2,4.547,0.995,Bacilo,ecoli
5.0,2,3.048,1.248,Bacilo,ecoli
21.0,2,4.936,1.390,Bacilo,ecoli
7.0,2,3.066,2.360,Bacilo,ecoli
18.0,2,3.452,1.472,Bacilo,ecoli
3.0,2,2.676,1.026,Bacilo,ecoli
12.0,2,4.954,1.085,Bacilo,ecoli
22.0,2,3.890,2.187,Bacilo,ecoli
11.0,2,2.921,0.895,Bacilo,ecoli
11.0,2,3.707,2.361,Bacilo,ecoli
5.0,2,4.122,2.354,Bacilo,ecoli
19.0,2,2.164,2.507,Bacilo,ecoli
16.0,2,3.392,2.532,Bacilo,ecoli
17.0,2,2.217,1.206,Bacilo,ecoli
14.0,2,3.846,1.909,Bacilo,ecoli
15.0,2,4.895,1.851,Bacilo,ecoli
10.0,2,2.003,0.780,Bacilo,ecoli
9.0,2,3.700,0.632,Bacilo,ecoli
4.0,2,2.033,1.386,Bacilo,ecoli
13.0,2,2.463,1.919,Bacilo,ecoli
10.0,2,4.351,1.289,Bacilo,ecoli
21.0,2,4.327,1.160,Bacilo,ecoli
18.0,2,4.463,0.716,Bacilo,ecoli
20.0,2,2.637,2.184,Bacilo,ecoli
18.0,2,4.780,2.593,Bacilo,ecoli
14.0,2,3.809,1.250,Bacilo,ecoli
19.0,2,4.795,2.534,Bacilo,ecoli
12.0,2,4.604,0.544,Bacilo,ecoli
7.0,2,2.335,0.764,Bacilo,ecoli
1.0,2,2.050,0.758,Bacilo,ecoli
4.0,2,3.141,1.913,Bacilo,ecoli
9.0,2,2.097,1.101,Bacilo,ecoli
15.0,2,3.524,1.963,Bacilo,ecoli
9.0,2,4.284,1.752,Bacilo,ecoli
3.0,2,2.312,1.439,Bacilo,ecoli
8.0,2,2.293,1.282,Bacilo,ecoli
9.0,2,2.704,2.279,Bacilo,ecoli
23.0,2,3.838,2.462,Bacilo,ecoli
17.0,2,4.225,0.852,Bacilo,ecoli
19.0,2,3.671,2.496,Bacilo,ecoli
23.0,2,2.732,0.675,Bacilo,ecoli
21.0,2,3.448,2.239,Bacilo,ecoli
6.0,2,4.569,1.956,Bacilo,ecoli
11.0,2,2.892,1.257,Bacilo,ecoli
18.0,2,2.689,2.161,Bacilo,ecoli
17.0,2,2.915,0.588,Bacilo,ecoli
4.0,2,3.908,2.315,Bacilo,ecoli
16.0,2,3.821,2.386,Bacilo,ecoli
22.0,3,2.898,2.094,Bacilo,ecoli
16.0,3,3.719,0.563,Bacilo,ecoli
22.0,3,2.555,0.944,Bacilo,ecoli
6.0,3,4.233,0.948,Bacilo,ecoli
19.0,3,2.954,0.852,Bacilo,ecoli
4.0,3,4.815,1.589,Bacilo,ecoli
5.0,3,3.903,0.957,Bacilo,ecoli
3.0,3,3.867,1.510,Bacilo,ecoli
18.0,3,2.886,0.589,Bacilo,ecoli
14.0,3,4.356,1.248,Bacilo,ecoli
20.0,3,3.392,1.388,Bacilo,ecoli
23.0,3,4.983,2.060,Bacilo,ecoli
13.0,3,4.182,0.644,Bacilo,ecoli
19.0,3,3.311,1.522,Bacilo,ecoli
4.0,3,3.875,1.670,Bacilo,ecoli
13.0,3,2.109,1.565,Bacilo,ecoli
10.0,3,4.478,2.207,Bacilo,ecoli
19.0,3,4.431,1.782,Bacilo,ecoli
5.0,3,3.811,1.838,Bacilo,ecoli
9.0,3,2.748,0.901,Bacilo,ecoli
20.0,3,4.595,2.101,Bacilo,ecoli
1.0,3,4.489,2.318,Bacilo,ecoli
15.0,3,2.745,2.084,Bacilo,ecoli
11.0,3,3.645,0.950,Bacilo,ecoli
12.0,3,2.352,1.640,Bacilo,ecoli
17.0,3,2.532,1.377,Bacilo,ecoli
8.0,3,2.703,1.657,Bacilo,ecoli
9.0,3,3.094,1.976,Bacilo,ecoli
12.0,3,4.385,0.924,Bacilo,ecoli
4.0,3,2.336,1.820,Bacilo,ecoli
17.0,3,2.469,2.519,Bacilo,ecoli
8.0,3,2.694,2.583,Bacilo,ecoli
19.0,3,4.204,1.105,Bacilo,ecoli
11.0,3,3.293,1.336,Bacilo,ecoli
1.0,3,4.506,0.794,Bacilo,ecoli
20.0,3,3.282,2.089,Bacilo,ecoli
7.0,3,2.006,1.789,Bacilo,ecoli
16.0,3,2.886,1.325,Bacilo,ecoli
2.0,3,4.155,1.198,Bacilo,ecoli
16.0,3,2.338,1.536,Bacilo,ecoli
20.0,3,4.322,2.026,Bacilo,ecoli
1.0,3,4.324,0.654,Bacilo,ecoli
8.0,3,2.902,0.826,Bacilo,ecoli
22.0,3,2.404,0.917,Bacilo,ecoli
11.0,3,3.138,2.453,Bacilo,ecoli
15.0,3,3.943,1.368,Bacilo,ecoli
16.0,3,3.583,2.301,Bacilo,ecoli
23.0,3,3.648,2.121,Bacilo,ecoli
8.0,3,3.569,2.306,Bacilo,ecoli
18.0,3,2.418,2.388,Bacilo,ecoli
4.0,3,4.386,0.644,Bacilo,ecoli
19.0,3,2.397,2.398,Bacilo,ecoli
5.0,3,4.578,2.020,Bacilo,ecoli
4.0,3,2.800,2.166,Bacilo,ecoli
13.0,3,3.375,1.906,Bacilo,ecoli
1.0,3,3.234,1.645,Bacilo,ecoli
19.0,3,4.607,2.513,Bacilo,ecoli
19.0,3,3.135,2.568,Bacilo,ecoli
14.0,3,4.315,1.390,Bacilo,ecoli
17.0,3,3.895,2.015,Bacilo,ecoli
10.0,3,3.009,1.670,Bacilo,ecoli
15.0,3,2.516,1.433,Bacilo,ecoli
3.0,3,2.615,1.997,Bacilo,ecoli
15.0,3,2.880,0.539,Bacilo,ecoli
17.0,3,2.224,1.632,Bacilo,ecoli
8.0,3,4.369,1.851,Bacilo,ecoli
7.0,3,4.104,0.617,Bacilo,ecoli
18.0,3,2.843,0.771,Bacilo,ecoli
16.0,3,2.363,1.764,Bacilo,ecoli
11.0,3,4.555,1.981,Bacilo,ecoli
4.0,3,2.799,1.760,Bacilo,ecoli
19.0,3,3.015,2.375,Bacilo,ecoli
5.0,3,3.022,0.790,Bacilo,ecoli
19.0,3,4.555,0.970,Bacilo,ecoli
20.0,3,4.954,2.160,Bacilo,ecoli
2.0,3,4.271,2.272,Bacilo,ecoli
3.0,3,2.904,1.470,Bacilo,ecoli
1.0,3,3.320,1.150,Bacilo,ecoli
23.0,3,2.439,2.536,Bacilo,ecoli
9.0,3,4.962,2.350,Bacilo,ecoli
2.0,3,4.534,1.595,Bacilo,ecoli
16.0,3,3.428,1.126,Bacilo,ecoli
17.0,3,4.086,0.636,Bacilo,ecoli
5.0,3,3.494,2.250,Bacilo,ecoli
15.0,3,4.438,1.877,Bacilo,ecoli
18.0,3,3.126,1.181,Bacilo,ecoli
14.0,3,3.678,1.755,Bacilo,ecoli
21.0,3,2.610,0.688,Bacilo,ecoli
17.0,3,4.076,1.880,Bacilo,ecoli
11.0,3,3.321,1.025,Bacilo,ecoli
11.0,3,3.722,1.639,Bacilo,ecoli
16.0,3,3.843,2.313,Bacilo,ecoli
4.0,3,2.213,1.402,Bacilo,ecoli
17.0,3,3.923,1.911,Bacilo,ecoli
16.0,3,4.667,1.760,Bacilo,ecoli
17.0,3,2.461,2.404,Bacilo,ecoli
13.0,3,4.483,1.906,Bacilo,ecoli
16.0,3,3.546,0.732,Bacilo,ecoli
14.0,3,2.291,2.221,Bacilo,ecoli
11.0,3,2.041,1.164,Bacilo,ecoli
6.0,3,4.380,2.361,Bacilo,ecoli
12.0,3,4.211,1.976,Bacilo,ecoli
16.0,3,4.575,1.455,Bacilo,ecoli
14.0,3,3.797,1.247,Bacilo,ecoli
8.0,3,2.842,1.603,Bacilo,ecoli
16.0,3,2.204,2.256,Bacilo,ecoli
4.0,3,3.651,0.620,Bacilo,ecoli
13.0,3,4.550,0.903,Bacilo,ecoli
23.0,3,4.957,1.651,Bacilo,ecoli
13.0,3,2.436,0.570,Bacilo,ecoli
11.0,3,2.756,0.876,Bacilo,ecoli
10.0,3,3.677,1.071,Bacilo,ecoli
18.0,3,3.262,1.628,Bacilo,ecoli
15.0,3,2.588,2.252,Bacilo,ecoli
22.0,3,4.834,1.965,Bacilo,ecoli
3.0,3,4.790,0.755,Bacilo,ecoli
16.0,3,4.657,2.301,Bacilo,ecoli
22.0,3,3.622,0.911,Bacilo,ecoli
8.0,3,3.929,2.008,Bacilo,ecoli
22.0,3,2.272,2.104,Bacilo,ecoli
18.0,3,3.835,1.329,Bacilo,ecoli
6.0,3,2.202,1.485,Bacilo,ecoli
4.0,3,4.016,1.046,Bacilo,ecoli
13.0,3,2.862,0.834,Bacilo,ecoli
14.0,3,2.148,1.602,Bacilo,ecoli
20.0,3,4.480,1.315,Bacilo,ecoli
23.0,3,2.551,1.191,Bacilo,ecoli
21.0,3,2.504,0.897,Bacilo,ecoli
13.0,3,2.415,1.781,Bacilo,ecoli
7.0,3,4.859,0.783,Bacilo,ecoli
10.0,3,4.707,1.253,Bacilo,ecoli
13.0,3,2.403,1.100,Bacilo,ecoli
2.0,3,4.257,2.435,Bacilo,ecoli
18.0,3,4.435,2.046,Bacilo,ecoli
16.0,3,2.316,0.850,Bacilo,ecoli
5.0,3,4.704,2.506,Bacilo,ecoli
2.0,3,4.291,0.867,Bacilo,ecoli
16.0,3,4.836,1.270,Bacilo,ecoli
19.0,3,4.075,2.052,Bacilo,ecoli
3.0,3,2.414,1.416,Bacilo,ecoli
16.0,3,2.833,1.236,Bacilo,ecoli
1.0,3,3.653,2.339,Bacilo,ecoli
11.0,3,4.023,2.145,Bacilo,ecoli
2.0,3,4.900,1.479,Bacilo,ecoli
23.0,3,2.486,2.087,Bacilo,ecoli
1.0,3,2.175,2.410,Bacilo,ecoli
11.0,3,3.113,0.727,Bacilo,ecoli
6.0,3,2.508,1.558,Bacilo,ecoli
8.0,3,2.391,2.322,Bacilo,ecoli
17.0,3,3.720,2.209,Bacilo,ecoli
16.0,3,2.089,0.861,Bacilo,ecoli
18.0,3,2.250,2.587,Bacilo,ecoli
16.0,3,4.295,0.661,Bacilo,ecoli
3.0,3,4.751,2.018,Bacilo,ecoli
4.0,3,4.850,0.868,Bacilo,ecoli
15.0,3,3.688,2.471,Bacilo,ecoli
11.0,3,2.603,2.252,Bacilo,ecoli
8.0,3,4.287,2.582,Bacilo,ecoli
14.0,3,2.505,2.211,Bacilo,ecoli
8.0,3,2.006,0.705,Bacilo,ecoli
15.0,3,3.310,0.560,Bacilo,ecoli
19.0,3,4.711,2.541,Bacilo,ecoli
13.0,3,3.239,0.698,Bacilo,ecoli
5.0,3,2.603,2.262,Bacilo,ecoli
5.0,3,4.667,1.016,Bacilo,ecoli
3.0,3,2.392,2.496,Bacilo,ecoli
11.0,3,3.431,2.067,Bacilo,ecoli
9.0,3,4.966,1.981,Bacilo,ecoli
1.0,3,2.298,0.953,Bacilo,ecoli
22.0,3,4.065,1.651,Bacilo,ecoli
1.0,3,4.845,2.503,Bacilo,ecoli
10.0,3,3.241,2.424,Bacilo,ecoli
5.0,3,4.435,1.921,Bacilo,ecoli
14.0,3,3.487,1.134,Bacilo,ecoli
13.0,3,2.256,1.070,Bacilo,ecoli
22.0,3,4.336,2.157,Bacilo,ecoli
14.0,3,4.549,1.629,Bacilo,ecoli
16.0,3,3.711,1.283,Bacilo,ecoli
22.0,3,3.774,0.783,Bacilo,ecoli
7.0,3,3.073,1.361,Bacilo,ecoli
3.0,3,2.261,2.069,Bacilo,ecoli
10.0,3,4.189,0.832,Bacilo,ecoli
6.0,3,2.453,1.873,Bacilo,ecoli
1.0,3,3.472,1.769,Bacilo,ecoli
9.0,3,3.248,0.591,Bacilo,ecoli
18.0,3,3.663,1.696,Bacilo,ecoli
4.0,3,4.603,2.565,Bacilo,ecoli
22.0,3,4.940,1.451,Bacilo,ecoli
3.0,3,4.870,2.204,Bacilo,ecoli
13.0,3,4.079,0.641,Bacilo,ecoli
15.0,3,3.292,1.042,Bacilo,ecoli
6.0,3,4.693,0.766,Bacilo,ecoli
14.0,3,4.597,0.949,Bacilo,ecoli
14.0,3,3.574,0.664,Bacilo,ecoli
8.0,3,2.998,1.398,Bacilo,ecoli
2.0,3,3.728,2.377,Bacilo,ecoli
11.0,3,3.737,1.717,Bacilo,ecoli
11.0,3,2.528,2.178,Bacilo,ecoli
9.0,3,2.307,0.738,Bacilo,ecoli
17.0,3,3.499,2.576,Bacilo,ecoli
15.0,3,3.030,1.441,Bacilo,ecoli
8.0,3,2.838,1.455,Bacilo,ecoli
12.0,3,3.468,1.719,Bacilo,ecoli
5.0,3,4.158,1.061,Bacilo,ecoli
12.0,3,3.693,1.655,Bacilo,ecoli
2.0,3,2.310,0.533,Bacilo,ecoli
4.0,3,4.716,2.510,Bacilo,ecoli
12.0,3,3.395,1.203,Bacilo,ecoli
10.0,3,4.210,2.396,Bacilo,ecoli
12.0,3,4.035,2.076,Bacilo,ecoli
19.0,3,3.787,2.501,Bacilo,ecoli
9.0,3,4.434,1.289,Bacilo,ecoli
2.0,3,4.189,1.762,Bacilo,ecoli
1.0,3,3.124,1.639,Bacilo,ecoli
12.0,3,4.613,1.077,Bacilo,ecoli
4.0,3,3.363,0.828,Bacilo,ecoli
16.0,3,4.773,1.527,Bacilo,ecoli
8.0,3,3.828,0.529,Bacilo,ecoli
5.0,3,2.207,0.864,Bacilo,ecoli
5.0,3,4.484,1.525,Bacilo,ecoli
7.0,3,2.507,1.735,Bacilo,ecoli
17.0,3,4.839,0.531,Bacilo,ecoli
8.0,3,3.102,1.412,Bacilo,ecoli
3.0,3,4.406,0.993,Bacilo,ecoli
6.0,3,4.389,1.373,Bacilo,ecoli
19.0,3,4.261,0.846,Bacilo,ecoli
2.0,3,2.807,0.642,Bacilo,ecoli
3.0,3,2.957,0.593,Bacilo,ecoli
10.0,3,4.464,1.630,Bacilo,ecoli
7.0,3,4.899,0.602,Bacilo,ecoli
1.0,3,3.760,1.650,Bacilo,ecoli
10.0,3,4.928,0.565,Bacilo,ecoli
12.0,3,3.553,1.188,Bacilo,ecoli
21.0,3,3.384,2.595,Bacilo,ecoli
14.0,3,3.050,1.252,Bacilo,ecoli
14.0,3,4.678,0.762,Bacilo,ecoli
7.0,4,2.162,0.863,Bacilo,ecoli
2.0,4,2.530,1.802,Bacilo,ecoli
7.0,4,3.187,2.497,Bacilo,ecoli
8.0,4,2.248,1.667,Bacilo,ecoli
5.0,4,4.251,1.748,Bacilo,ecoli
7.0,4,4.352,1.031,Bacilo,ecoli
17.0,4,3.070,1.440,Bacilo,ecoli
12.0,4,2.057,1.927,Bacilo,ecoli
16.0,4,4.454,1.574,Bacilo,ecoli
1.0,4,3.139,2.339,Bacilo,ecoli
12.0,4,2.749,2.448,Bacilo,ecoli
14.0,4,2.849,0.859,Bacilo,ecoli
20.0,4,3.737,2.549,Bacilo,ecoli
20.0,4,3.624,0.589,Bacilo,ecoli
23.0,4,3.987,1.148,Bacilo,ecoli
15.0,4,3.771,2.472,Bacilo,ecoli
11.0,4,4.255,1.917,Bacilo,ecoli
8.0,4,4.195,0.841,Bacilo,ecoli
3.0,4,4.156,1.896,Bacilo,ecoli
19.0,4,2.760,1.915,Bacilo,ecoli
14.0,4,2.717,2.568,Bacilo,ecoli
13.0,4,2.664,1.053,Bacilo,ecoli
2.0,4,4.369,0.534,Bacilo,ecoli
21.0,4,2.910,2.568,Bacilo,ecoli
7.0,4,2.097,2.086,Bacilo,ecoli
14.0,4,2.661,1.877,Bacilo,ecoli
8.0,4,4.389,2.134,Bacilo,ecoli
15.0,4,3.448,0.605,Bacilo,ecoli
8.0,4,3.242,2.519,Bacilo,ecoli
15.0,4,2.443,2.172,Bacilo,ecoli
15.0,4,4.011,0.814,Bacilo,ecoli
13.0,4,4.175,1.213,Bacilo,ecoli
16.0,4,2.306,2.531,Bacilo,ecoli
20.0,4,4.265,1.589,Bacilo,ecoli
12.0,4,4.181,0.923,Bacilo,ecoli
21.0,4,4.589,2.193,Bacilo,ecoli
20.0,4,3.777,1.777,Bacilo,ecoli
3.0,4,4.516,1.774,Bacilo,ecoli
5.0,4,2.458,0.842,Bacilo,ecoli
7.0,4,4.321,0.660,Bacilo,ecoli
13.0,4,2.754,0.659,Bacilo,ecoli
9.0,4,4.497,1.973,Bacilo,ecoli
20.0,4,4.109,2.214,Bacilo,ecoli
11.0,4,3.902,2.327,Bacilo,ecoli
9.0,4,3.239,2.029,Bacilo,ecoli
8.0,4,3.335,1.150,Bacilo,ecoli
14.0,4,4.083,0.874,Bacilo,ecoli
19.0,4,2.423,0.753,Bacilo,ecoli
15.0,4,3.928,1.708,Bacilo,ecoli
23.0,4,4.054,2.095,Bacilo,ecoli
17.0,4,4.303,1.597,Bacilo,ecoli
18.0,4,2.129,1.830,Bacilo,ecoli
4.0,4,3.430,0.729,Bacilo,ecoli
17.0,4,3.974,1.121,Bacilo,ecoli
7.0,4,3.393,0.846,Bacilo,ecoli
20.0,4,3.491,0.988,Bacilo,ecoli
15.0,4,3.420,1.963,Bacilo,ecoli
3.0,4,4.776,1.231,Bacilo,ecoli
9.0,4,4.519,0.590,Bacilo,ecoli
10.0,4,2.776,1.918,Bacilo,ecoli
11.0,4,3.826,1.202,Bacilo,ecoli
11.0,4,4.758,2.181,Bacilo,ecoli
7.0,4,3.556,0.536,Bacilo,ecoli
23.0,4,3.964,2.012,Bacilo,ecoli
19.0,4,3.518,1.840,Bacilo,ecoli
13.0,4,4.545,1.756,Bacilo,ecoli
22.0,4,3.500,1.295,Bacilo,ecoli
18.0,4,2.511,1.605,Bacilo,ecoli
5.0,4,3.157,1.200,Bacilo,ecoli
11.0,4,3.676,1.660,Bacilo,ecoli
3.0,4,2.673,0.872,Bacilo,ecoli
23.0,4,2.031,2.448,Bacilo,ecoli
23.0,4,3.426,0.622,Bacilo,ecoli
22.0,4,4.636,0.938,Bacilo,ecoli
1.0,4,3.711,1.616,Bacilo,ecoli
21.0,4,3.146,1.364,Bacilo,ecoli
16.0,4,4.983,1.565,Bacilo,ecoli
16.0,4,4.943,1.916,Bacilo,ecoli
11.0,4,3.275,1.296,Bacilo,ecoli
5.0,4,3.544,2.532,Bacilo,ecoli
22.0,4,3.015,0.612,Bacilo,ecoli
12.0,4,3.255,2.347,Bacilo,ecoli
6.0,4,2.705,1.377,Bacilo,ecoli
1.0,4,3.498,2.132,Bacilo,ecoli
19.0,4,2.134,1.386,Bacilo,ecoli
22.0,4,2.007,1.607,Bacilo,ecoli
14.0,4,3.800,1.787,Bacilo,ecoli
12.0,4,2.559,1.687,Bacilo,ecoli
3.0,4,3.259,2.389,Bacilo,ecoli
12.0,4,4.240,1.042,Bacilo,ecoli
10.0,4,4.124,1.685,Bacilo,ecoli
12.0,4,2.893,2.111,Bacilo,ecoli
20.0,4,2.252,1.388,Bacilo,ecoli
12.0,4,2.714,1.209,Bacilo,ecoli
2.0,4,3.089,1.906,Bacilo,ecoli
4.0,4,4.467,1.262,Bacilo,ecoli
11.0,4,3.274,1.115,Bacilo,ecoli
8.0,4,3.210,2.380,Bacilo,ecoli
3.0,4,4.995,0.574,Bacilo,ecoli
21.0,4,3.551,1.889,Bacilo,ecoli
4.0,4,3.944,2.522,Bacilo,ecoli
14.0,4,4.980,0.719,Bacilo,ecoli
10.0,4,3.174,0.572,Bacilo,ecoli
2.0,4,2.817,2.252,Bacilo,ecoli
12.0,4,3.568,1.194,Bacilo,ecoli
14.0,4,4.917,1.395,Bacilo,ecoli
4.0,4,3.592,0.656,Bacilo,ecoli
23.0,4,3.400,1.182,Bacilo,ecoli
17.0,4,2.358,1.726,Bacilo,ecoli
12.0,4,4.491,1.993,Bacilo,ecoli
8.0,4,3.806,0.702,Bacilo,ecoli
15.0,4,2.884,1.272,Bacilo,ecoli
15.0,4,2.977,1.060,Bacilo,ecoli
1.0,4,3.646,0.579,Bacilo,ecoli
2.0,4,3.384,1.338,Bacilo,ecoli
22.0,4,2.085,0.941,Bacilo,ecoli
7.0,4,4.581,1.326,Bacilo,ecoli
16.0,4,3.118,1.097,Bacilo,ecoli
2.0,4,3.066,1.856,Bacilo,ecoli
4.0,4,4.249,1.788,Bacilo,ecoli
15.0,4,2.068,2.458,Bacilo,ecoli
22.0,4,4.030,1.411,Bacilo,ecoli
20.0,4,3.959,1.914,Bacilo,ecoli
11.0,4,3.852,1.752,Bacilo,ecoli
16.0,4,3.601,1.782,Bacilo,ecoli
10.0,4,4.792,1.807,Bacilo,ecoli
16.0,4,3.234,0.742,Bacilo,ecoli
7.0,4,3.419,1.796,Bacilo,ecoli
21.0,4,3.245,1.016,Bacilo,ecoli
11.0,4,2.632,1.302,Bacilo,ecoli
19.0,4,3.453,2.273,Bacilo,ecoli
14.0,4,2.288,1.199,Bacilo,ecoli
14.0,4,3.887,1.784,Bacilo,ecoli
9.0,4,3.360,1.491,Bacilo,ecoli
2.0,4,2.235,2.404,Bacilo,ecoli
12.0,4,2.968,0.547,Bacilo,ecoli
4.0,4,4.280,1.017,Bacilo,ecoli
11.0,4,2.923,0.757,Bacilo,ecoli
17.0,4,4.050,2.553,Bacilo,ecoli
20.0,4,3.182,1.094,Bacilo,ecoli
23.0,4,4.613,1.114,Bacilo,ecoli
16.0,4,4.701,2.328,Bacilo,ecoli
10.0,4,3.777,0.570,Bacilo,ecoli
7.0,4,3.578,1.929,Bacilo,ecoli
5.0,4,2.607,1.372,Bacilo,ecoli
18.0,4,4.603,1.134,Bacilo,ecoli
23.0,4,3.490,1.180,Bacilo,ecoli
11.0,4,2.748,0.551,Bacilo,ecoli
10.0,4,4.628,1.066,Bacilo,ecoli
12.0,4,2.907,1.969,Bacilo,ecoli
1.0,4,2.177,2.279,Bacilo,ecoli
3.0,4,3.153,0.904,Bacilo,ecoli
8.0,4,2.665,2.506,Bacilo,ecoli
6.0,4,4.341,1.048,Bacilo,ecoli
17.0,4,3.391,1.858,Bacilo,ecoli
15.0,4,4.311,1.319,Bacilo,ecoli
23.0,4,4.246,0.709,Bacilo,ecoli
19.0,4,2.019,1.073,Bacilo,ecoli
4.0,4,3.511,2.332,Bacilo,ecoli
23.0,4,4.591,0.933,Bacilo,ecoli
13.0,4,4.646,1.851,Bacilo,ecoli
6.0,4,4.448,1.961,Bacilo,ecoli
23.0,4,3.291,1.959,Bacilo,ecoli
9.0,4,2.919,0.888,Bacilo,ecoli
5.0,4,3.130,1.645,Bacilo,ecoli
6.0,4,3.342,2.223,Bacilo,ecoli
20.0,4,3.952,0.684,Bacilo,ecoli
18.0,4,3.342,1.534,Bacilo,ecoli
9.0,4,4.384,1.120,Bacilo,ecoli
5.0,4,4.534,1.975,Bacilo,ecoli
2.0,4,3.994,1.922,Bacilo,ecoli
19.0,4,3.749,1.971,Bacilo,ecoli
16.0,4,4.081,1.724,Bacilo,ecoli
9.0,4,2.532,1.751,Bacilo,ecoli
14.0,4,4.260,1.422,Bacilo,ecoli
9.0,4,4.542,1.111,Bacilo,ecoli
16.0,4,4.502,0.678,Bacilo,ecoli
11.0,4,3.923,2.553,Bacilo,ecoli
10.0,4,2.640,2.126,Bacilo,ecoli
18.0,4,3.880,2.563,Bacilo,ecoli
20.0,4,3.324,1.040,Bacilo,ecoli
1.0,4,2.648,1.768,Bacilo,ecoli
14.0,4,4.508,0.961,Bacilo,ecoli
22.0,4,4.032,2.058,Bacilo,ecoli
5.0,4,4.166,0.688,Bacilo,ecoli
5.0,4,3.195,1.379,Bacilo,ecoli
5.0,4,4.679,1.773,Bacilo,ecoli
12.0,4,2.945,0.762,Bacilo,ecoli
8.0,4,3.242,2.430,Bacilo,ecoli
17.0,4,4.919,1.844,Bacilo,ecoli
3.0,4,4.618,2.128,Bacilo,ecoli
1.0,4,4.936,1.381,Bacilo,ecoli
12.0,4,2.904,2.557,Bacilo,ecoli
15.0,4,3.134,1.804,Bacilo,ecoli
8.0,5,3.622,0.810,Bacilo,ecoli
4.0,5,3.548,1.721,Bacilo,ecoli
17.0,5,4.541,1.147,Bacilo,ecoli
15.0,5,3.083,1.766,Bacilo,ecoli
4.0,5,4.577,0.904,Bacilo,ecoli
1.0,5,2.805,1.102,Bacilo,ecoli
20.0,5,4.656,1.043,Bacilo,ecoli
13.0,5,3.375,2.183,Bacilo,ecoli
17.0,5,4.206,2.369,Bacilo,ecoli
23.0,5,2.596,2.297,Bacilo,ecoli
2.0,5,3.247,1.996,Bacilo,ecoli
5.0,5,2.622,2.151,Bacilo,ecoli
2.0,5,4.906,1.185,Bacilo,ecoli
6.0,5,3.311,1.628,Bacilo,ecoli
10.0,5,3.644,2.527,Bacilo,ecoli
8.0,5,3.885,1.386,Bacilo,ecoli
5.0,5,2.925,1.564,Bacilo,ecoli
4.0,5,4.780,1.944,Bacilo,ecoli
23.0,5,3.214,1.885,Bacilo,ecoli
10.0,5,4.205,1.578,Bacilo,ecoli
19.0,5,2.997,1.589,Bacilo,ecoli
10.0,5,4.271,2.274,Bacilo,ecoli
13.0,5,4.204,0.867,Bacilo,ecoli
17.0,5,4.385,1.015,Bacilo,ecoli
11.0,5,4.345,1.006,Bacilo,ecoli
3.0,5,4.683,0.587,Bacilo,ecoli
6.0,5,3.336,1.613,Bacilo,ecoli
17.0,5,2.335,2.142,Bacilo,ecoli
15.0,5,2.127,0.796,Bacilo,ecoli
9.0,5,4.175,2.052,Bacilo,ecoli
5.0,5,4.467,2.109,Bacilo,ecoli
15.0,5,3.586,1.399,Bacilo,ecoli
3.0,5,2.093,2.108,Bacilo,ecoli
20.0,5,3.050,1.103,Bacilo,ecoli
10.0,5,4.915,0.793,Bacilo,ecoli
2.0,5,2.711,0.553,Bacilo,ecoli
6.0,5,4.101,1.126,Bacilo,ecoli
1.0,5,3.275,2.514,Bacilo,ecoli
3.0,5,2.871,2.359,Bacilo,ecoli
8.0,5,2.239,1.869,Bacilo,ecoli
10.0,5,2.412,0.533,Bacilo,ecoli
19.0,5,3.526,2.315,Bacilo,ecoli
12.0,5,4.882,2.347,Bacilo,ecoli
4.0,5,4.498,1.328,Bacilo,ecoli
7.0,5,2.537,2.041,Bacilo,ecoli
21.0,5,4.080,1.319,Bacilo,ecoli
2.0,5,2.274,2.507,Bacilo,ecoli
9.0,5,4.976,0.654,Bacilo,ecoli
10.0,5,3.448,1.971,Bacilo,ecoli
8.0,5,2.977,2.285,Bacilo,ecoli
5.0,5,3.269,0.548,Bacilo,ecoli
14.0,5,2.083,1.699,Bacilo,ecoli
16.0,5,3.648,2.138,Bacilo,ecoli
13.0,5,2.608,0.974,Bacilo,ecoli
6.0,5,4.963,2.361,Bacilo,ecoli
2.0,5,3.960,1.136,Bacilo,ecoli
4.0,5,3.115,1.962,Bacilo,ecoli
6.0,5,2.208,0.628,Bacilo,ecoli
13.0,5,4.912,0.823,Bacilo,ecoli
20.0,5,4.340,1.519,Bacilo,ecoli
13.0,5,2.691,2.074,Bacilo,ecoli
11.0,5,2.600,1.907,Bacilo,ecoli
9.0,5,3.863,2.214,Bacilo,ecoli
22.0,5,4.903,1.937,Bacilo,ecoli
18.0,5,4.052,1.925,Bacilo,ecoli
2.0,5,2.538,2.547,Bacilo,ecoli
16.0,5,2.537,1.604,Bacilo,ecoli
21.0,5,4.262,2.344,Bacilo,ecoli
12.0,5,3.945,2.225,Bacilo,ecoli
22.0,5,2.985,0.568,Bacilo,ecoli
7.0,5,3.908,1.073,Bacilo,ecoli
11.0,5,3.724,2.538,Bacilo,ecoli
9.0,5,3.393,2.003,Bacilo,ecoli
13.0,5,3.783,1.735,Bacilo,ecoli
15.0,5,3.040,1.483,Bacilo,ecoli
23.0,5,4.290,2.457,Bacilo,ecoli
19.0,5,4.096,0.555,Bacilo,ecoli
19.0,5,2.385,1.941,Bacilo,ecoli
22.0,5,3.427,0.733,Bacilo,ecoli
4.0,5,2.969,1.837,Bacilo,ecoli
2.0,5,3.344,1.972,Bacilo,ecoli
4.0,5,3.732,1.409,Bacilo,ecoli
21.0,5,2.847,1.697,Bacilo,ecoli
4.0,5,2.091,2.381,Bacilo,ecoli
8.0,5,2.319,1.186,Bacilo,ecoli
8.0,5,4.876,0.632,Bacilo,ecoli
4.0,5,3.832,1.491,Bacilo,ecoli
3.0,5,2.475,0.623,Bacilo,ecoli
6.0,5,4.737,2.305,Bacilo,ecoli
14.0,5,4.613,2.253,Bacilo,ecoli
16.0,5,2.553,1.688,Bacilo,ecoli
12.0,5,2.146,2.001,Bacilo,ecoli
11.0,5,3.155,1.945,Bacilo,ecoli
17.0,5,4.993,0.820,Bacilo,ecoli
11.0,5,2.567,1.852,Bacilo,ecoli
3.0,5,3.189,0.937,Bacilo,ecoli
19.0,5,4.273,0.524,Bacilo,ecoli
8.0,5,2.464,2.484,Bacilo,ecoli
7.0,5,2.867,1.599,Bacilo,ecoli
11.0,5,4.329,1.812,Bacilo,ecoli
6.0,5,4.594,1.416,Bacilo,ecoli
7.0,5,2.296,2.564,Bacilo,ecoli
4.0,5,4.040,0.703,Bacilo,ecoli
6.0,5,4.486,1.590,Bacilo,ecoli
11.0,5,4.868,1.300,Bacilo,ecoli
8.0,5,4.418,2.408,Bacilo,ecoli
5.0,5,4.560,0.848,Bacilo,ecoli
12.0,5,4.122,1.571,Bacilo,ecoli
19.0,5,2.260,1.147,Bacilo,ecoli
1.0,5,2.263,1.013,Bacilo,ecoli
21.0,5,3.772,1.654,Bacilo,ecoli
16.0,5,4.221,1.333,Bacilo,ecoli
4.0,5,2.737,1.553,Bacilo,ecoli
20.0,5,4.320,2.463,Bacilo,ecoli
16.0,5,2.305,1.776,Bacilo,ecoli
6.0,5,2.887,2.198,Bacilo,ecoli
6.0,5,3.108,1.964,Bacilo,ecoli
10.0,5,2.148,1.529,Bacilo,ecoli
13.0,5,2.347,0.565,Bacilo,ecoli
1.0,5,4.906,2.294,Bacilo,ecoli
6.0,5,3.913,0.884,Bacilo,ecoli
18.0,5,4.906,1.882,Bacilo,ecoli
9.0,5,2.771,1.784,Bacilo,ecoli
2.0,5,4.976,1.686,Bacilo,ecoli
21.0,5,2.792,1.574,Bacilo,ecoli
19.0,5,4.493,2.126,Bacilo,ecoli
15.0,5,2.767,2.428,Bacilo,ecoli
1.0,5,4.987,1.339,Bacilo,ecoli
5.0,5,4.594,1.989,Bacilo,ecoli
3.0,5,4.430,2.201,Bacilo,ecoli
19.0,5,4.881,0.895,Bacilo,ecoli
13.0,5,3.196,1.865,Bacilo,ecoli
19.0,5,4.524,0.742,Bacilo,ecoli
19.0,5,4.378,0.577,Bacilo,ecoli
15.0,5,3.761,0.690,Bacilo,ecoli
21.0,5,4.458,1.092,Bacilo,ecoli
19.0,5,4.853,1.519,Bacilo,ecoli
10.0,5,4.303,0.866,Bacilo,ecoli
15.0,5,2.600,1.839,Bacilo,ecoli
18.0,5,2.583,1.406,Bacilo,ecoli
19.0,5,4.981,1.195,Bacilo,ecoli
12.0,5,3.478,0.863,Bacilo,ecoli
7.0,5,4.995,0.738,Bacilo,ecoli
22.0,5,3.232,2.110,Bacilo,ecoli
6.0,5,3.757,0.626,Bacilo,ecoli
10.0,5,4.381,0.924,Bacilo,ecoli
12.0,5,3.742,2.160,Bacilo,ecoli
7.0,5,2.883,0.607,Bacilo,ecoli
1.0,5,3.013,0.900,Bacilo,ecoli
22.0,5,2.319,0.911,Bacilo,ecoli
8.0,5,2.890,2.495,Bacilo,ecoli
6.0,5,2.162,1.233,Bacilo,ecoli
12.0,5,2.759,1.062,Bacilo,ecoli
21.0,5,2.114,2.595,Bacilo,ecoli
6.0,5,3.305,0.912,Bacilo,ecoli
18.0,5,3.586,1.297,Bacilo,ecoli
20.0,5,2.350,1.738,Bacilo,ecoli
2.0,5,4.361,1.429,Bacilo,ecoli
20.0,5,4.481,2.081,Bacilo,ecoli
4.0,5,2.817,1.739,Bacilo,ecoli
6.0,5,2.955,1.886,Bacilo,ecoli
10.0,5,4.123,1.288,Bacilo,ecoli
1.0,5,3.823,2.366,Bacilo,ecoli
4.0,5,2.800,1.236,Bacilo,ecoli
17.0,5,4.069,2.200,Bacilo,ecoli
23.0,5,4.999,2.425,Bacilo,ecoli
20.0,5,4.908,2.509,Bacilo,ecoli
23.0,5,3.249,2.036,Bacilo,ecoli
19.0,5,4.424,1.275,Bacilo,ecoli
18.0,5,3.412,1.850,Bacilo,ecoli
6.0,5,2.340,0.782,Bacilo,ecoli
10.0,5,2.235,0.756,Bacilo,ecoli
7.0,5,3.072,0.980,Bacilo,ecoli
18.0,5,3.705,1.411,Bacilo,ecoli
23.0,5,3.994,2.394,Bacilo,ecoli
12.0,5,3.018,2.344,Bacilo,ecoli
12.0,5,3.659,0.560,Bacilo,ecoli
6.0,5,2.207,1.686,Bacilo,ecoli
8.0,5,4.532,1.232,Bacilo,ecoli
14.0,5,3.403,2.186,Bacilo,ecoli
9.0,5,3.935,1.533,Bacilo,ecoli
21.0,5,4.993,1.290,Bacilo,ecoli
10.0,5,2.505,1.095,Bacilo,ecoli
6.0,5,2.059,1.860,Bacilo,ecoli
5.0,5,4.177,2.517,Bacilo,ecoli
22.0,5,3.584,1.015,Bacilo,ecoli
22.0,5,2.998,1.727,Bacilo,ecoli
18.7,5,2.953,1.789,Bacilo,ecoli
0.0,1,0.000,0.000,Coccus,scerevisiae
0.5,1,0.033,0.034,Coccus,scerevisiae
1.0,1,0.096,0.095,Coccus,scerevisiae
1.5,1,0.139,0.138,Coccus,scerevisiae
2.0,1,0.187,0.185,Coccus,scerevisiae
2.5,1,0.235,0.233,Coccus,scerevisiae
3.0,1,0.283,0.281,Coccus,scerevisiae
3.5,1,0.331,0.328,Coccus,scerevisiae
4.0,1,0.379,0.376,Coccus,scerevisiae
4.5,1,0.427,0.423,Coccus,scerevisiae
5.0,1,0.475,0.470,Coccus,scerevisiae
5.5,1,0.523,0.518,Coccus,scerevisiae
6.0,1,0.571,0.566,Coccus,scerevisiae
6.5,1,0.619,0.613,Coccus,scerevisiae
7.0,1,0.667,0.660,Coccus,scerevisiae
7.5,1,0.715,0.708,Coccus,scerevisiae
8.0,1,0.763,0.755,Coccus,scerevisiae
8.5,1,0.811,0.803,Coccus,scerevisiae
9.0,1,0.859,0.851,Coccus,scerevisiae
9.5,1,0.907,0.898,Coccus,scerevisiae
10.0,1,0.955,0.946,Coccus,scerevisiae
10.5,1,1.003,0.993,Coccus,scerevisiae
11.0,1,1.051,1.040,Coccus,scerevisiae
11.5,1,1.099,1.088,Coccus,scerevisiae
12.0,1,1.147,1.135,Coccus,scerevisiae
12.5,1,1.195,1.183,Coccus,scerevisiae
13.0,1,1.243,1.230,Coccus,scerevisiae
13.5,1,1.291,1.278,Coccus,scerevisiae
14.0,1,1.339,1.325,Coccus,scerevisiae
14.5,1,1.387,1.373,Coccus,scerevisiae
15.0,1,1.435,1.421,Coccus,scerevisiae
15.5,1,1.483,1.468,Coccus,scerevisiae
16.0,1,1.531,1.516,Coccus,scerevisiae
16.5,1,1.579,1.563,Coccus,scerevisiae
17.0,1,1.627,1.611,Coccus,scerevisiae
17.5,1,1.675,1.658,Coccus,scerevisiae
18.0,1,1.723,1.706,Coccus,scerevisiae
18.5,1,1.771,1.753,Coccus,scerevisiae
19.0,1,1.819,1.800,Coccus,scerevisiae
19.5,1,1.867,1.848,Coccus,scerevisiae
20.0,1,1.915,1.895,Coccus,scerevisiae
20.5,1,1.963,1.943,Coccus,scerevisiae
21.0,1,2.011,1.990,Coccus,scerevisiae
21.5,1,2.059,2.038,Coccus,scerevisiae
22.0,1,2.107,2.086,Coccus,scerevisiae
22.5,1,2.155,2.133,Coccus,scerevisiae
23.0,1,2.203,2.180,Coccus,scerevisiae
23.5,1,2.251,2.228,Coccus,scerevisiae
24.0,1,2.299,2.276,Coccus,scerevisiae
24.5,1,2.347,2.323,Coccus,scerevisiae
25.0,1,2.395,2.370,Coccus,scerevisiae
25.5,1,2.443,2.418,Coccus,scerevisiae
26.0,1,2.491,2.466,Coccus,scerevisiae
26.5,1,2.539,2.513,Coccus,scerevisiae
27.0,1,2.587,2.561,Coccus,scerevisiae
27.5,1,2.635,2.608,Coccus,scerevisiae
28.0,1,2.683,2.655,Coccus,scerevisiae
28.5,1,2.731,2.703,Coccus,scerevisiae
29.0,1,2.779,2.751,Coccus,scerevisiae
29.5,1,2.827,2.798,Coccus,scerevisiae
30.0,1,2.875,2.845,Coccus,scerevisiae
30.5,1,2.923,2.893,Coccus,scerevisiae
31.0,1,2.971,2.941,Coccus,scerevisiae
31.5,1,3.019,2.988,Coccus,scerevisiae
32.0,1,3.067,3.035,Coccus,scerevisiae
32.5,1,3.115,3.083,Coccus,scerevisiae
33.0,1,3.163,3.131,Coccus,scerevisiae
33.5,1,3.211,3.178,Coccus,scerevisiae
34.0,1,3.259,3.225,Coccus,scerevisiae
34.5,1,3.307,3.273,Coccus,scerevisiae
35.0,1,3.355,3.321,Coccus,scerevisiae
35.5,1,3.403,3.368,Coccus,scerevisiae
36.0,1,3.451,3.416,Coccus,scerevisiae
36.5,1,3.499,3.463,Coccus,scerevisiae
37.0,1,3.547,3.510,Coccus,scerevisiae
37.5,1,3.595,3.558,Coccus,scerevisiae
38.0,1,3.643,3.606,Coccus,scerevisiae
38.5,1,3.691,3.653,Coccus,scerevisiae
39.0,1,3.739,3.700,Coccus,scerevisiae
39.5,1,3.787,3.748,Coccus,scerevisiae
40.0,1,3.835,3.796,Coccus,scerevisiae
40.5,1,3.883,3.843,Coccus,scerevisiae
41.0,1,3.931,3.890,Coccus,scerevisiae
41.5,1,3.979,3.938,Coccus,scerevisiae
42.0,1,4.027,3.986,Coccus,scerevisiae
42.5,1,4.075,4.033,Coccus,scerevisiae
43.0,1,4.123,4.080,Coccus,scerevisiae
43.5,1,4.171,4.128,Coccus,scerevisiae
44.0,1,4.219,4.176,Coccus,scerevisiae
44.5,1,4.267,4.223,Coccus,scerevisiae
45.0,1,4.315,4.271,Coccus,scerevisiae
45.5,1,4.363,4.318,Coccus,scerevisiae
46.0,1,4.411,4.365,Coccus,scerevisiae
46.5,1,4.459,4.413,Coccus,scerevisiae
47.0,1,4.507,4.460,Coccus,scerevisiae
47.5,1,4.555,4.508,Coccus,scerevisiae
48.0,1,4.603,4.556,Coccus,scerevisiae
48.5,1,4.651,4.603,Coccus,scerevisiae
49.0,1,4.699,4.651,Coccus,scerevisiae
49.5,1,4.747,4.698,Coccus,scerevisiae
50.0,1,4.795,4.745,Coccus,scerevisiae
50.5,1,4.843,4.793,Coccus,scerevisiae
51.0,1,4.891,4.840,Coccus,scerevisiae
51.5,1,4.939,4.888,Coccus,scerevisiae
52.0,1,4.987,4.936,Coccus,scerevisiae
52.5,1,5.035,4.983,Coccus,scerevisiae
53.0,1,5.083,5.030,Coccus,scerevisiae
53.5,1,5.131,5.078,Coccus,scerevisiae
54.0,1,5.179,5.125,Coccus,scerevisiae
54.5,1,5.227,5.173,Coccus,scerevisiae
55.0,1,5.275,5.221,Coccus,scerevisiae
55.5,1,5.323,5.268,Coccus,scerevisiae
56.0,1,5.371,5.316,Coccus,scerevisiae
56.5,1,5.419,5.363,Coccus,scerevisiae
57.0,1,5.467,5.410,Coccus,scerevisiae
57.5,1,5.515,5.458,Coccus,scerevisiae
58.0,1,5.563,5.505,Coccus,scerevisiae
58.5,1,5.611,5.553,Coccus,scerevisiae
59.0,1,5.659,5.601,Coccus,scerevisiae
59.5,1,5.707,5.648,Coccus,scerevisiae
60.0,1,5.755,5.696,Coccus,scerevisiae
60.5,1,5.803,5.743,Coccus,scerevisiae
61.0,1,5.851,5.790,Coccus,scerevisiae
61.5,1,5.899,5.838,Coccus,scerevisiae
62.0,1,5.947,5.886,Coccus,scerevisiae
62.5,1,5.995,5.933,Coccus,scerevisiae
63.0,1,6.043,5.981,Coccus,scerevisiae
63.5,1,6.091,6.028,Coccus,scerevisiae
64.0,1,6.139,6.075,Coccus,scerevisiae
64.5,1,6.187,6.123,Coccus,scerevisiae
65.0,1,6.235,6.170,Coccus,scerevisiae
65.5,1,6.283,6.218,Coccus,scerevisiae
66.0,1,6.331,6.266,Coccus,scerevisiae
66.5,1,6.379,6.313,Coccus,scerevisiae
67.0,1,6.427,6.361,Coccus,scerevisiae
67.5,1,6.475,6.408,Coccus,scerevisiae
68.0,1,6.523,6.455,Coccus,scerevisiae
68.5,1,6.571,6.503,Coccus,scerevisiae
69.0,1,6.619,6.551,Coccus,scerevisiae
69.5,1,6.667,6.598,Coccus,scerevisiae
70.0,1,6.715,6.646,Coccus,scerevisiae
70.5,1,6.763,6.693,Coccus,scerevisiae
71.0,1,6.811,6.740,Coccus,scerevisiae
71.5,1,6.859,6.788,Coccus,scerevisiae
72.0,1,6.907,6.835,Coccus,scerevisiae
72.5,1,6.955,6.883,Coccus,scerevisiae
73.0,1,7.003,6.931,Coccus,scerevisiae
73.5,1,7.051,6.978,Coccus,scerevisiae
74.0,1,7.099,7.026,Coccus,scerevisiae
74.5,1,7.147,7.073,Coccus,scerevisiae
75.0,1,7.195,7.120,Coccus,scerevisiae
75.5,1,7.243,7.168,Coccus,scerevisiae
76.0,1,7.291,7.215,Coccus,scerevisiae
76.5,1,7.339,7.263,Coccus,scerevisiae
77.0,1,7.387,7.311,Coccus,scerevisiae
77.5,1,7.435,7.358,Coccus,scerevisiae
78.0,1,7.483,7.405,Coccus,scerevisiae
78.5,1,7.531,7.453,Coccus,scerevisiae
79.0,1,7.579,7.500,Coccus,scerevisiae
79.5,1,7.627,7.548,Coccus,scerevisiae
80.0,1,7.675,7.596,Coccus,scerevisiae
80.5,1,7.723,7.643,Coccus,scerevisiae
81.0,1,7.771,7.691,Coccus,scerevisiae
81.5,1,7.819,7.738,Coccus,scerevisiae
82.0,1,7.867,7.785,Coccus,scerevisiae
82.5,1,7.915,7.833,Coccus,scerevisiae
83.0,1,7.963,7.880,Coccus,scerevisiae
83.5,1,8.011,7.928,Coccus,scerevisiae
84.0,1,8.059,7.976,Coccus,scerevisiae
84.5,1,8.107,8.023,Coccus,scerevisiae
85.0,1,8.155,8.070,Coccus,scerevisiae
85.5,1,8.203,8.118,Coccus,scerevisiae
86.0,1,8.251,8.165,Coccus,scerevisiae
86.5,1,8.299,8.213,Coccus,scerevisiae
87.0,1,8.347,8.261,Coccus,scerevisiae
87.5,1,8.395,8.308,Coccus,scerevisiae
88.0,1,8.443,8.355,Coccus,scerevisiae
88.5,1,8.491,8.403,Coccus,scerevisiae
89.0,1,8.539,8.450,Coccus,scerevisiae
89.5,1,8.587,8.498,Coccus,scerevisiae
90.0,1,8.635,8.546,Coccus,scerevisiae
90.5,1,8.683,8.593,Coccus,scerevisiae
91.0,1,8.731,8.640,Coccus,scerevisiae
91.5,1,8.779,8.688,Coccus,scerevisiae
92.0,1,8.827,8.736,Coccus,scerevisiae
92.5,1,8.875,8.783,Coccus,scerevisiae
93.0,1,8.923,8.831,Coccus,scerevisiae
0.0,2,0.000,0.000,Coccus,scerevisiae
0.5,2,0.029,0.030,Coccus,scerevisiae
1.0,2,0.086,0.084,Coccus,scerevisiae
1.5,2,0.111,0.115,Coccus,scerevisiae
2.0,2,0.154,0.157,Coccus,scerevisiae
2.5,2,0.193,0.197,Coccus,scerevisiae
3.0,2,0.232,0.237,Coccus,scerevisiae
3.5,2,0.271,0.277,Coccus,scerevisiae
4.0,2,0.310,0.317,Coccus,scerevisiae
4.5,2,0.349,0.356,Coccus,scerevisiae
5.0,2,0.388,0.396,Coccus,scerevisiae
5.5,2,0.427,0.436,Coccus,scerevisiae
6.0,2,0.466,0.476,Coccus,scerevisiae
6.5,2,0.505,0.516,Coccus,scerevisiae
7.0,2,0.544,0.556,Coccus,scerevisiae
7.5,2,0.583,0.596,Coccus,scerevisiae
8.0,2,0.622,0.636,Coccus,scerevisiae
8.5,2,0.661,0.676,Coccus,scerevisiae
9.0,2,0.700,0.716,Coccus,scerevisiae
9.5,2,0.739,0.755,Coccus,scerevisiae
10.0,2,0.778,0.795,Coccus,scerevisiae
10.5,2,0.817,0.835,Coccus,scerevisiae
11.0,2,0.856,0.875,Coccus,scerevisiae
11.5,2,0.895,0.915,Coccus,scerevisiae
12.0,2,0.934,0.955,Coccus,scerevisiae
12.5,2,0.973,0.995,Coccus,scerevisiae
13.0,2,1.012,1.035,Coccus,scerevisiae
13.5,2,1.051,1.075,Coccus,scerevisiae
14.0,2,1.090,1.115,Coccus,scerevisiae
14.5,2,1.129,1.155,Coccus,scerevisiae
15.0,2,1.168,1.194,Coccus,scerevisiae
15.5,2,1.207,1.234,Coccus,scerevisiae
16.0,2,1.246,1.274,Coccus,scerevisiae
16.5,2,1.285,1.314,Coccus,scerevisiae
17.0,2,1.324,1.354,Coccus,scerevisiae
17.5,2,1.363,1.394,Coccus,scerevisiae
18.0,2,1.402,1.434,Coccus,scerevisiae
18.5,2,1.441,1.474,Coccus,scerevisiae
19.0,2,1.480,1.514,Coccus,scerevisiae
19.5,2,1.519,1.554,Coccus,scerevisiae
20.0,2,1.558,1.593,Coccus,scerevisiae
20.5,2,1.597,1.633,Coccus,scerevisiae
21.0,2,1.636,1.673,Coccus,scerevisiae
21.5,2,1.675,1.713,Coccus,scerevisiae
22.0,2,1.714,1.753,Coccus,scerevisiae
22.5,2,1.753,1.793,Coccus,scerevisiae
23.0,2,1.792,1.833,Coccus,scerevisiae
23.5,2,1.831,1.873,Coccus,scerevisiae
24.0,2,1.870,1.913,Coccus,scerevisiae
24.5,2,1.909,1.952,Coccus,scerevisiae
25.0,2,1.948,1.992,Coccus,scerevisiae
25.5,2,1.987,2.032,Coccus,scerevisiae
26.0,2,2.026,2.072,Coccus,scerevisiae
26.5,2,2.065,2.112,Coccus,scerevisiae
27.0,2,2.104,2.152,Coccus,scerevisiae
27.5,2,2.143,2.192,Coccus,scerevisiae
28.0,2,2.182,2.232,Coccus,scerevisiae
28.5,2,2.221,2.272,Coccus,scerevisiae
29.0,2,2.260,2.312,Coccus,scerevisiae
29.5,2,2.299,2.352,Coccus,scerevisiae
30.0,2,2.338,2.391,Coccus,scerevisiae
30.5,2,2.377,2.431,Coccus,scerevisiae
31.0,2,2.416,2.471,Coccus,scerevisiae
31.5,2,2.455,2.511,Coccus,scerevisiae
32.0,2,2.494,2.551,Coccus,scerevisiae
32.5,2,2.533,2.591,Coccus,scerevisiae
33.0,2,2.572,2.631,Coccus,scerevisiae
33.5,2,2.611,2.671,Coccus,scerevisiae
34.0,2,2.650,2.711,Coccus,scerevisiae
34.5,2,2.689,2.751,Coccus,scerevisiae
35.0,2,2.728,2.790,Coccus,scerevisiae
35.5,2,2.767,2.830,Coccus,scerevisiae
36.0,2,2.806,2.870,Coccus,scerevisiae
36.5,2,2.845,2.910,Coccus,scerevisiae
37.0,2,2.884,2.950,Coccus,scerevisiae
37.5,2,2.923,2.990,Coccus,scerevisiae
38.0,2,2.962,3.030,Coccus,scerevisiae
38.5,2,3.001,3.070,Coccus,scerevisiae
39.0,2,3.040,3.110,Coccus,scerevisiae
39.5,2,3.079,3.150,Coccus,scerevisiae
40.0,2,3.118,3.189,Coccus,scerevisiae
40.5,2,3.157,3.229,Coccus,scerevisiae
41.0,2,3.196,3.269,Coccus,scerevisiae
41.5,2,3.235,3.309,Coccus,scerevisiae
42.0,2,3.274,3.349,Coccus,scerevisiae
42.5,2,3.313,3.389,Coccus,scerevisiae
43.0,2,3.352,3.429,Coccus,scerevisiae
43.5,2,3.391,3.469,Coccus,scerevisiae
44.0,2,3.430,3.509,Coccus,scerevisiae
44.5,2,3.469,3.549,Coccus,scerevisiae
45.0,2,3.508,3.588,Coccus,scerevisiae
45.5,2,3.547,3.628,Coccus,scerevisiae
46.0,2,3.586,3.668,Coccus,scerevisiae
46.5,2,3.625,3.708,Coccus,scerevisiae
47.0,2,3.664,3.748,Coccus,scerevisiae
47.5,2,3.703,3.788,Coccus,scerevisiae
48.0,2,3.742,3.828,Coccus,scerevisiae
48.5,2,3.781,3.868,Coccus,scerevisiae
49.0,2,3.820,3.908,Coccus,scerevisiae
49.5,2,3.859,3.947,Coccus,scerevisiae
50.0,2,3.898,3.987,Coccus,scerevisiae
50.5,2,3.937,4.027,Coccus,scerevisiae
51.0,2,3.976,4.067,Coccus,scerevisiae
51.5,2,4.015,4.107,Coccus,scerevisiae
52.0,2,4.054,4.147,Coccus,scerevisiae
52.5,2,4.093,4.187,Coccus,scerevisiae
53.0,2,4.132,4.227,Coccus,scerevisiae
53.5,2,4.171,4.267,Coccus,scerevisiae
54.0,2,4.210,4.307,Coccus,scerevisiae
54.5,2,4.249,4.346,Coccus,scerevisiae
55.0,2,4.288,4.386,Coccus,scerevisiae
55.5,2,4.327,4.426,Coccus,scerevisiae
56.0,2,4.366,4.466,Coccus,scerevisiae
56.5,2,4.405,4.506,Coccus,scerevisiae
57.0,2,4.444,4.546,Coccus,scerevisiae
57.5,2,4.483,4.586,Coccus,scerevisiae
58.0,2,4.522,4.626,Coccus,scerevisiae
58.5,2,4.561,4.666,Coccus,scerevisiae
59.0,2,4.600,4.706,Coccus,scerevisiae
59.5,2,4.639,4.745,Coccus,scerevisiae
60.0,2,4.678,4.785,Coccus,scerevisiae
60.5,2,4.717,4.825,Coccus,scerevisiae
61.0,2,4.756,4.865,Coccus,scerevisiae
61.5,2,4.795,4.905,Coccus,scerevisiae
62.0,2,4.834,4.945,Coccus,scerevisiae
62.5,2,4.873,4.985,Coccus,scerevisiae
63.0,2,4.912,5.025,Coccus,scerevisiae
63.5,2,4.951,5.065,Coccus,scerevisiae
64.0,2,4.990,5.105,Coccus,scerevisiae
64.5,2,5.029,5.144,Coccus,scerevisiae
65.0,2,5.068,5.184,Coccus,scerevisiae
65.5,2,5.107,5.224,Coccus,scerevisiae
66.0,2,5.146,5.264,Coccus,scerevisiae
66.5,2,5.185,5.304,Coccus,scerevisiae
67.0,2,5.224,5.344,Coccus,scerevisiae
67.5,2,5.263,5.384,Coccus,scerevisiae
68.0,2,5.302,5.424,Coccus,scerevisiae
68.5,2,5.341,5.464,Coccus,scerevisiae
69.0,2,5.380,5.504,Coccus,scerevisiae
69.5,2,5.419,5.543,Coccus,scerevisiae
70.0,2,5.458,5.583,Coccus,scerevisiae
70.5,2,5.497,5.623,Coccus,scerevisiae
71.0,2,5.536,5.663,Coccus,scerevisiae
71.5,2,5.575,5.703,Coccus,scerevisiae
72.0,2,5.614,5.743,Coccus,scerevisiae
72.5,2,5.653,5.783,Coccus,scerevisiae
73.0,2,5.692,5.823,Coccus,scerevisiae
73.5,2,5.731,5.863,Coccus,scerevisiae
74.0,2,5.770,5.903,Coccus,scerevisiae
74.5,2,5.809,5.942,Coccus,scerevisiae
75.0,2,5.848,5.982,Coccus,scerevisiae
75.5,2,5.887,6.022,Coccus,scerevisiae
76.0,2,5.926,6.062,Coccus,scerevisiae
76.5,2,5.965,6.102,Coccus,scerevisiae
77.0,2,6.004,6.142,Coccus,scerevisiae
77.5,2,6.043,6.182,Coccus,scerevisiae
78.0,2,6.082,6.222,Coccus,scerevisiae
78.5,2,6.121,6.262,Coccus,scerevisiae
79.0,2,6.160,6.302,Coccus,scerevisiae
79.5,2,6.199,6.341,Coccus,scerevisiae
80.0,2,6.238,6.381,Coccus,scerevisiae
80.5,2,6.277,6.421,Coccus,scerevisiae
81.0,2,6.316,6.461,Coccus,scerevisiae
81.5,2,6.355,6.501,Coccus,scerevisiae
82.0,2,6.394,6.541,Coccus,scerevisiae
82.5,2,6.433,6.581,Coccus,scerevisiae
83.0,2,6.472,6.621,Coccus,scerevisiae
83.5,2,6.511,6.661,Coccus,scerevisiae
84.0,2,6.550,6.701,Coccus,scerevisiae
84.5,2,6.589,6.740,Coccus,scerevisiae
85.0,2,6.628,6.780,Coccus,scerevisiae
85.5,2,6.667,6.820,Coccus,scerevisiae
86.0,2,6.706,6.860,Coccus,scerevisiae
86.5,2,6.745,6.900,Coccus,scerevisiae
87.0,2,6.784,6.940,Coccus,scerevisiae
87.5,2,6.823,6.980,Coccus,scerevisiae
88.0,2,6.862,7.020,Coccus,scerevisiae
88.5,2,6.901,7.060,Coccus,scerevisiae
89.0,2,6.940,7.100,Coccus,scerevisiae
89.5,2,6.979,7.139,Coccus,scerevisiae
0.0,3,0.000,0.000,Coccus,scerevisiae
0.5,3,0.036,0.033,Coccus,scerevisiae
1.0,3,0.086,0.089,Coccus,scerevisiae
1.5,3,0.112,0.115,Coccus,scerevisiae
2.0,3,0.155,0.160,Coccus,scerevisiae
2.5,3,0.194,0.200,Coccus,scerevisiae
3.0,3,0.232,0.240,Coccus,scerevisiae
3.5,3,0.271,0.280,Coccus,scerevisiae
4.0,3,0.309,0.320,Coccus,scerevisiae
4.5,3,0.348,0.360,Coccus,scerevisiae
5.0,3,0.387,0.400,Coccus,scerevisiae
5.5,3,0.425,0.440,Coccus,scerevisiae
6.0,3,0.464,0.480,Coccus,scerevisiae
6.5,3,0.502,0.520,Coccus,scerevisiae
7.0,3,0.541,0.560,Coccus,scerevisiae
7.5,3,0.580,0.601,Coccus,scerevisiae
8.0,3,0.618,0.641,Coccus,scerevisiae
8.5,3,0.657,0.681,Coccus,scerevisiae
9.0,3,0.695,0.721,Coccus,scerevisiae
9.5,3,0.734,0.761,Coccus,scerevisiae
10.0,3,0.773,0.801,Coccus,scerevisiae
10.5,3,0.811,0.841,Coccus,scerevisiae
11.0,3,0.850,0.881,Coccus,scerevisiae
11.5,3,0.888,0.921,Coccus,scerevisiae
12.0,3,0.927,0.962,Coccus,scerevisiae
12.5,3,0.966,1.002,Coccus,scerevisiae
13.0,3,1.004,1.042,Coccus,scerevisiae
13.5,3,1.043,1.082,Coccus,scerevisiae
14.0,3,1.081,1.122,Coccus,scerevisiae
14.5,3,1.120,1.162,Coccus,scerevisiae
15.0,3,1.159,1.202,Coccus,scerevisiae
15.5,3,1.197,1.242,Coccus,scerevisiae
16.0,3,1.236,1.282,Coccus,scerevisiae
16.5,3,1.274,1.322,Coccus,scerevisiae
17.0,3,1.313,1.363,Coccus,scerevisiae
17.5,3,1.352,1.403,Coccus,scerevisiae
18.0,3,1.390,1.443,Coccus,scerevisiae
18.5,3,1.429,1.483,Coccus,scerevisiae
19.0,3,1.467,1.523,Coccus,scerevisiae
19.5,3,1.506,1.563,Coccus,scerevisiae
20.0,3,1.545,1.603,Coccus,scerevisiae
20.5,3,1.583,1.643,Coccus,scerevisiae
21.0,3,1.622,1.683,Coccus,scerevisiae
21.5,3,1.660,1.723,Coccus,scerevisiae
22.0,3,1.699,1.764,Coccus,scerevisiae
22.5,3,1.738,1.804,Coccus,scerevisiae
23.0,3,1.776,1.844,Coccus,scerevisiae
23.5,3,1.815,1.884,Coccus,scerevisiae
24.0,3,1.853,1.924,Coccus,scerevisiae
24.5,3,1.892,1.964,Coccus,scerevisiae
25.0,3,1.931,2.004,Coccus,scerevisiae
25.5,3,1.969,2.044,Coccus,scerevisiae
26.0,3,2.008,2.084,Coccus,scerevisiae
26.5,3,2.046,2.124,Coccus,scerevisiae
27.0,3,2.085,2.164,Coccus,scerevisiae
27.5,3,2.124,2.205,Coccus,scerevisiae
28.0,3,2.162,2.245,Coccus,scerevisiae
28.5,3,2.201,2.285,Coccus,scerevisiae
29.0,3,2.239,2.325,Coccus,scerevisiae
29.5,3,2.278,2.365,Coccus,scerevisiae
30.0,3,2.317,2.405,Coccus,scerevisiae
30.5,3,2.355,2.445,Coccus,scerevisiae
31.0,3,2.394,2.485,Coccus,scerevisiae
31.5,3,2.432,2.525,Coccus,scerevisiae
32.0,3,2.471,2.566,Coccus,scerevisiae
32.5,3,2.510,2.606,Coccus,scerevisiae
33.0,3,2.548,2.646,Coccus,scerevisiae
33.5,3,2.587,2.686,Coccus,scerevisiae
34.0,3,2.625,2.726,Coccus,scerevisiae
34.5,3,2.664,2.766,Coccus,scerevisiae
35.0,3,2.703,2.806,Coccus,scerevisiae
35.5,3,2.741,2.846,Coccus,scerevisiae
36.0,3,2.780,2.886,Coccus,scerevisiae
36.5,3,2.818,2.926,Coccus,scerevisiae
37.0,3,2.857,2.966,Coccus,scerevisiae
37.5,3,2.896,3.007,Coccus,scerevisiae
38.0,3,2.934,3.047,Coccus,scerevisiae
38.5,3,2.973,3.087,Coccus,scerevisiae
39.0,3,3.011,3.127,Coccus,scerevisiae
39.5,3,3.050,3.167,Coccus,scerevisiae
40.0,3,3.089,3.207,Coccus,scerevisiae
40.5,3,3.127,3.247,Coccus,scerevisiae
41.0,3,3.166,3.287,Coccus,scerevisiae
41.5,3,3.204,3.327,Coccus,scerevisiae
42.0,3,3.243,3.368,Coccus,scerevisiae
42.5,3,3.282,3.408,Coccus,scerevisiae
43.0,3,3.320,3.448,Coccus,scerevisiae
43.5,3,3.359,3.488,Coccus,scerevisiae
44.0,3,3.397,3.528,Coccus,scerevisiae
44.5,3,3.436,3.568,Coccus,scerevisiae
45.0,3,3.475,3.608,Coccus,scerevisiae
45.5,3,3.513,3.648,Coccus,scerevisiae
46.0,3,3.552,3.688,Coccus,scerevisiae
46.5,3,3.590,3.728,Coccus,scerevisiae
47.0,3,3.629,3.768,Coccus,scerevisiae
47.5,3,3.668,3.809,Coccus,scerevisiae
48.0,3,3.706,3.849,Coccus,scerevisiae
48.5,3,3.745,3.889,Coccus,scerevisiae
49.0,3,3.783,3.929,Coccus,scerevisiae
49.5,3,3.822,3.969,Coccus,scerevisiae
50.0,3,3.861,4.009,Coccus,scerevisiae
50.5,3,3.899,4.049,Coccus,scerevisiae
51.0,3,3.938,4.089,Coccus,scerevisiae
51.5,3,3.976,4.129,Coccus,scerevisiae
52.0,3,4.015,4.170,Coccus,scerevisiae
52.5,3,4.054,4.210,Coccus,scerevisiae
53.0,3,4.092,4.250,Coccus,scerevisiae
53.5,3,4.131,4.290,Coccus,scerevisiae
54.0,3,4.169,4.330,Coccus,scerevisiae
54.5,3,4.208,4.370,Coccus,scerevisiae
55.0,3,4.247,4.410,Coccus,scerevisiae
55.5,3,4.285,4.450,Coccus,scerevisiae
56.0,3,4.324,4.490,Coccus,scerevisiae
56.5,3,4.362,4.530,Coccus,scerevisiae
57.0,3,4.401,4.571,Coccus,scerevisiae
57.5,3,4.440,4.611,Coccus,scerevisiae
58.0,3,4.478,4.651,Coccus,scerevisiae
58.5,3,4.517,4.691,Coccus,scerevisiae
59.0,3,4.555,4.731,Coccus,scerevisiae
59.5,3,4.594,4.771,Coccus,scerevisiae
60.0,3,4.633,4.811,Coccus,scerevisiae
60.5,3,4.671,4.851,Coccus,scerevisiae
61.0,3,4.710,4.891,Coccus,scerevisiae
61.5,3,4.748,4.931,Coccus,scerevisiae
62.0,3,4.787,4.971,Coccus,scerevisiae
62.5,3,4.826,5.012,Coccus,scerevisiae
63.0,3,4.864,5.052,Coccus,scerevisiae
63.5,3,4.903,5.092,Coccus,scerevisiae
64.0,3,4.941,5.132,Coccus,scerevisiae
64.5,3,4.980,5.172,Coccus,scerevisiae
65.0,3,5.019,5.212,Coccus,scerevisiae
65.5,3,5.057,5.252,Coccus,scerevisiae
66.0,3,5.096,5.292,Coccus,scerevisiae
66.5,3,5.134,5.332,Coccus,scerevisiae
67.0,3,5.173,5.372,Coccus,scerevisiae
67.5,3,5.212,5.413,Coccus,scerevisiae
68.0,3,5.250,5.453,Coccus,scerevisiae
68.5,3,5.289,5.493,Coccus,scerevisiae
69.0,3,5.327,5.533,Coccus,scerevisiae
69.5,3,5.366,5.573,Coccus,scerevisiae
70.0,3,5.405,5.613,Coccus,scerevisiae
70.5,3,5.443,5.653,Coccus,scerevisiae
71.0,3,5.482,5.693,Coccus,scerevisiae
71.5,3,5.520,5.733,Coccus,scerevisiae
72.0,3,5.559,5.774,Coccus,scerevisiae
72.5,3,5.598,5.814,Coccus,scerevisiae
73.0,3,5.636,5.854,Coccus,scerevisiae
73.5,3,5.675,5.894,Coccus,scerevisiae
74.0,3,5.713,5.934,Coccus,scerevisiae
74.5,3,5.752,5.974,Coccus,scerevisiae
75.0,3,5.791,6.014,Coccus,scerevisiae
75.5,3,5.829,6.054,Coccus,scerevisiae
76.0,3,5.868,6.094,Coccus,scerevisiae
76.5,3,5.906,6.134,Coccus,scerevisiae
77.0,3,5.945,6.175,Coccus,scerevisiae
77.5,3,5.984,6.215,Coccus,scerevisiae
78.0,3,6.022,6.255,Coccus,scerevisiae
78.5,3,6.061,6.295,Coccus,scerevisiae
79.0,3,6.099,6.335,Coccus,scerevisiae
79.5,3,6.138,6.375,Coccus,scerevisiae
80.0,3,6.177,6.415,Coccus,scerevisiae
80.5,3,6.215,6.455,Coccus,scerevisiae
81.0,3,6.254,6.495,Coccus,scerevisiae
81.5,3,6.292,6.535,Coccus,scerevisiae
82.0,3,6.331,6.575,Coccus,scerevisiae
82.5,3,6.370,6.616,Coccus,scerevisiae
83.0,3,6.408,6.656,Coccus,scerevisiae
83.5,3,6.447,6.696,Coccus,scerevisiae
84.0,3,6.485,6.736,Coccus,scerevisiae
84.5,3,6.524,6.776,Coccus,scerevisiae
85.0,3,6.563,6.816,Coccus,scerevisiae
85.5,3,6.601,6.856,Coccus,scerevisiae
86.0,3,6.640,6.896,Coccus,scerevisiae
86.5,3,6.678,6.936,Coccus,scerevisiae
87.0,3,6.717,6.976,Coccus,scerevisiae
87.5,3,6.756,7.017,Coccus,scerevisiae
88.0,3,6.794,7.057,Coccus,scerevisiae
88.5,3,6.833,7.097,Coccus,scerevisiae
89.0,3,6.871,7.137,Coccus,scerevisiae
89.5,3,6.910,7.177,Coccus,scerevisiae
90.0,3,6.949,7.217,Coccus,scerevisiae
90.5,3,6.987,7.257,Coccus,scerevisiae
91.0,3,7.026,7.297,Coccus,scerevisiae
91.5,3,7.064,7.337,Coccus,scerevisiae
92.0,3,7.103,7.378,Coccus,scerevisiae
0.0,4,0.000,0.000,Coccus,scerevisiae
0.5,4,0.049,0.050,Coccus,scerevisiae
1.0,4,0.091,0.089,Coccus,scerevisiae
1.5,4,0.126,0.125,Coccus,scerevisiae
2.0,4,0.172,0.170,Coccus,scerevisiae
2.5,4,0.213,0.211,Coccus,scerevisiae
3.0,4,0.256,0.252,Coccus,scerevisiae
3.5,4,0.297,0.294,Coccus,scerevisiae
4.0,4,0.340,0.335,Coccus,scerevisiae
4.5,4,0.382,0.377,Coccus,scerevisiae
5.0,4,0.423,0.418,Coccus,scerevisiae
5.5,4,0.466,0.459,Coccus,scerevisiae
6.0,4,0.507,0.501,Coccus,scerevisiae
6.5,4,0.549,0.542,Coccus,scerevisiae
7.0,4,0.592,0.584,Coccus,scerevisiae
7.5,4,0.633,0.625,Coccus,scerevisiae
8.0,4,0.675,0.666,Coccus,scerevisiae
8.5,4,0.718,0.708,Coccus,scerevisiae
9.0,4,0.759,0.749,Coccus,scerevisiae
9.5,4,0.801,0.790,Coccus,scerevisiae
10.0,4,0.844,0.832,Coccus,scerevisiae
10.5,4,0.885,0.873,Coccus,scerevisiae
11.0,4,0.927,0.915,Coccus,scerevisiae
11.5,4,0.970,0.956,Coccus,scerevisiae
12.0,4,1.012,0.998,Coccus,scerevisiae
12.5,4,1.054,1.039,Coccus,scerevisiae
13.0,4,1.095,1.080,Coccus,scerevisiae
13.5,4,1.137,1.122,Coccus,scerevisiae
14.0,4,1.179,1.163,Coccus,scerevisiae
14.5,4,1.222,1.204,Coccus,scerevisiae
15.0,4,1.264,1.246,Coccus,scerevisiae
15.5,4,1.306,1.287,Coccus,scerevisiae
16.0,4,1.347,1.329,Coccus,scerevisiae
16.5,4,1.389,1.370,Coccus,scerevisiae
17.0,4,1.431,1.411,Coccus,scerevisiae
17.5,4,1.474,1.453,Coccus,scerevisiae
18.0,4,1.516,1.494,Coccus,scerevisiae
18.5,4,1.558,1.536,Coccus,scerevisiae
19.0,4,1.599,1.577,Coccus,scerevisiae
19.5,4,1.641,1.619,Coccus,scerevisiae
20.0,4,1.683,1.660,Coccus,scerevisiae
20.5,4,1.726,1.701,Coccus,scerevisiae
21.0,4,1.768,1.743,Coccus,scerevisiae
21.5,4,1.810,1.784,Coccus,scerevisiae
22.0,4,1.851,1.825,Coccus,scerevisiae
22.5,4,1.893,1.867,Coccus,scerevisiae
23.0,4,1.935,1.908,Coccus,scerevisiae
23.5,4,1.978,1.950,Coccus,scerevisiae
24.0,4,2.019,1.991,Coccus,scerevisiae
24.5,4,2.062,2.033,Coccus,scerevisiae
25.0,4,2.103,2.074,Coccus,scerevisiae
25.5,4,2.146,2.115,Coccus,scerevisiae
26.0,4,2.188,2.157,Coccus,scerevisiae
26.5,4,2.229,2.198,Coccus,scerevisiae
27.0,4,2.272,2.240,Coccus,scerevisiae
27.5,4,2.313,2.281,Coccus,scerevisiae
28.0,4,2.356,2.322,Coccus,scerevisiae
28.5,4,2.397,2.364,Coccus,scerevisiae
29.0,4,2.439,2.405,Coccus,scerevisiae
29.5,4,2.482,2.446,Coccus,scerevisiae
30.0,4,2.523,2.488,Coccus,scerevisiae
30.5,4,2.566,2.529,Coccus,scerevisiae
31.0,4,2.607,2.571,Coccus,scerevisiae
31.5,4,2.650,2.612,Coccus,scerevisiae
32.0,4,2.692,2.654,Coccus,scerevisiae
32.5,4,2.733,2.695,Coccus,scerevisiae
33.0,4,2.776,2.736,Coccus,scerevisiae
33.5,4,2.817,2.778,Coccus,scerevisiae
34.0,4,2.860,2.819,Coccus,scerevisiae
34.5,4,2.901,2.861,Coccus,scerevisiae
35.0,4,2.943,2.902,Coccus,scerevisiae
35.5,4,2.986,2.943,Coccus,scerevisiae
36.0,4,3.027,2.985,Coccus,scerevisiae
36.5,4,3.070,3.026,Coccus,scerevisiae
37.0,4,3.111,3.067,Coccus,scerevisiae
37.5,4,3.154,3.109,Coccus,scerevisiae
38.0,4,3.196,3.150,Coccus,scerevisiae
38.5,4,3.237,3.192,Coccus,scerevisiae
39.0,4,3.280,3.233,Coccus,scerevisiae
39.5,4,3.321,3.275,Coccus,scerevisiae
40.0,4,3.364,3.316,Coccus,scerevisiae
40.5,4,3.405,3.357,Coccus,scerevisiae
41.0,4,3.447,3.399,Coccus,scerevisiae
41.5,4,3.490,3.440,Coccus,scerevisiae
42.0,4,3.531,3.482,Coccus,scerevisiae
42.5,4,3.574,3.523,Coccus,scerevisiae
43.0,4,3.615,3.564,Coccus,scerevisiae
43.5,4,3.658,3.606,Coccus,scerevisiae
44.0,4,3.700,3.647,Coccus,scerevisiae
44.5,4,3.741,3.688,Coccus,scerevisiae
45.0,4,3.784,3.730,Coccus,scerevisiae
45.5,4,3.825,3.771,Coccus,scerevisiae
46.0,4,3.868,3.813,Coccus,scerevisiae
46.5,4,3.909,3.854,Coccus,scerevisiae
47.0,4,3.951,3.896,Coccus,scerevisiae
47.5,4,3.994,3.937,Coccus,scerevisiae
48.0,4,4.035,3.978,Coccus,scerevisiae
48.5,4,4.077,4.020,Coccus,scerevisiae
49.0,4,4.120,4.061,Coccus,scerevisiae
49.5,4,4.162,4.103,Coccus,scerevisiae
50.0,4,4.204,4.144,Coccus,scerevisiae
50.5,4,4.245,4.185,Coccus,scerevisiae
51.0,4,4.287,4.227,Coccus,scerevisiae
51.5,4,4.330,4.268,Coccus,scerevisiae
52.0,4,4.372,4.309,Coccus,scerevisiae
52.5,4,4.413,4.351,Coccus,scerevisiae
53.0,4,4.455,4.392,Coccus,scerevisiae
53.5,4,4.497,4.434,Coccus,scerevisiae
54.0,4,4.540,4.475,Coccus,scerevisiae
54.5,4,4.582,4.516,Coccus,scerevisiae
55.0,4,4.623,4.558,Coccus,scerevisiae
55.5,4,4.665,4.599,Coccus,scerevisiae
56.0,4,4.707,4.641,Coccus,scerevisiae
56.5,4,4.750,4.682,Coccus,scerevisiae
57.0,4,4.792,4.723,Coccus,scerevisiae
57.5,4,4.833,4.765,Coccus,scerevisiae
58.0,4,4.875,4.806,Coccus,scerevisiae
58.5,4,4.918,4.848,Coccus,scerevisiae
59.0,4,4.960,4.889,Coccus,scerevisiae
59.5,4,5.002,4.931,Coccus,scerevisiae
60.0,4,5.043,4.972,Coccus,scerevisiae
60.5,4,5.085,5.013,Coccus,scerevisiae
61.0,4,5.128,5.055,Coccus,scerevisiae
61.5,4,5.170,5.096,Coccus,scerevisiae
62.0,4,5.212,5.138,Coccus,scerevisiae
62.5,4,5.253,5.179,Coccus,scerevisiae
63.0,4,5.295,5.220,Coccus,scerevisiae
63.5,4,5.338,5.262,Coccus,scerevisiae
64.0,4,5.380,5.303,Coccus,scerevisiae
64.5,4,5.421,5.345,Coccus,scerevisiae
65.0,4,5.463,5.386,Coccus,scerevisiae
65.5,4,5.505,5.427,Coccus,scerevisiae
66.0,4,5.548,5.469,Coccus,scerevisiae
66.5,4,5.590,5.510,Coccus,scerevisiae
67.0,4,5.631,5.551,Coccus,scerevisiae
67.5,4,5.673,5.593,Coccus,scerevisiae
68.0,4,5.715,5.634,Coccus,scerevisiae
68.5,4,5.758,5.676,Coccus,scerevisiae
69.0,4,5.800,5.717,Coccus,scerevisiae
69.5,4,5.841,5.758,Coccus,scerevisiae
70.0,4,5.883,5.800,Coccus,scerevisiae
70.5,4,5.926,5.841,Coccus,scerevisiae
71.0,4,5.968,5.883,Coccus,scerevisiae
71.5,4,6.010,5.924,Coccus,scerevisiae
72.0,4,6.051,5.965,Coccus,scerevisiae
72.5,4,6.093,6.007,Coccus,scerevisiae
73.0,4,6.136,6.048,Coccus,scerevisiae
73.5,4,6.178,6.090,Coccus,scerevisiae
74.0,4,6.220,6.131,Coccus,scerevisiae
74.5,4,6.261,6.173,Coccus,scerevisiae
75.0,4,6.303,6.214,Coccus,scerevisiae
75.5,4,6.346,6.255,Coccus,scerevisiae
76.0,4,6.388,6.297,Coccus,scerevisiae
76.5,4,6.429,6.338,Coccus,scerevisiae
77.0,4,6.471,6.380,Coccus,scerevisiae
77.5,4,6.513,6.421,Coccus,scerevisiae
78.0,4,6.556,6.462,Coccus,scerevisiae
78.5,4,6.598,6.504,Coccus,scerevisiae
79.0,4,6.639,6.545,Coccus,scerevisiae
79.5,4,6.681,6.587,Coccus,scerevisiae
80.0,4,6.723,6.628,Coccus,scerevisiae
80.5,4,6.766,6.669,Coccus,scerevisiae
81.0,4,6.808,6.711,Coccus,scerevisiae
81.5,4,6.849,6.752,Coccus,scerevisiae
82.0,4,6.891,6.793,Coccus,scerevisiae
82.5,4,6.934,6.835,Coccus,scerevisiae
83.0,4,6.976,6.876,Coccus,scerevisiae
83.5,4,7.018,6.918,Coccus,scerevisiae
84.0,4,7.059,6.959,Coccus,scerevisiae
84.5,4,7.101,7.000,Coccus,scerevisiae
85.0,4,7.144,7.042,Coccus,scerevisiae
85.5,4,7.186,7.083,Coccus,scerevisiae
86.0,4,7.228,7.125,Coccus,scerevisiae
86.5,4,7.269,7.166,Coccus,scerevisiae
87.0,4,7.311,7.207,Coccus,scerevisiae
87.5,4,7.354,7.249,Coccus,scerevisiae
88.0,4,7.396,7.290,Coccus,scerevisiae
88.5,4,7.438,7.332,Coccus,scerevisiae
0.0,5,0.000,0.000,Coccus,scerevisiae
0.5,5,0.028,0.031,Coccus,scerevisiae
1.0,5,0.089,0.096,Coccus,scerevisiae
1.5,5,0.121,0.119,Coccus,scerevisiae
2.0,5,0.166,0.167,Coccus,scerevisiae
2.5,5,0.208,0.209,Coccus,scerevisiae
3.0,5,0.250,0.251,Coccus,scerevisiae
3.5,5,0.293,0.294,Coccus,scerevisiae
4.0,5,0.335,0.336,Coccus,scerevisiae
4.5,5,0.378,0.378,Coccus,scerevisiae
5.0,5,0.420,0.420,Coccus,scerevisiae
5.5,5,0.462,0.462,Coccus,scerevisiae
6.0,5,0.505,0.505,Coccus,scerevisiae
6.5,5,0.547,0.547,Coccus,scerevisiae
7.0,5,0.590,0.589,Coccus,scerevisiae
7.5,5,0.632,0.631,Coccus,scerevisiae
8.0,5,0.674,0.673,Coccus,scerevisiae
8.5,5,0.717,0.716,Coccus,scerevisiae
9.0,5,0.759,0.758,Coccus,scerevisiae
9.5,5,0.801,0.800,Coccus,scerevisiae
10.0,5,0.844,0.842,Coccus,scerevisiae
10.5,5,0.886,0.884,Coccus,scerevisiae
11.0,5,0.929,0.927,Coccus,scerevisiae
11.5,5,0.971,0.969,Coccus,scerevisiae
12.0,5,1.014,1.011,Coccus,scerevisiae
12.5,5,1.056,1.053,Coccus,scerevisiae
13.0,5,1.098,1.095,Coccus,scerevisiae
13.5,5,1.141,1.138,Coccus,scerevisiae
14.0,5,1.183,1.180,Coccus,scerevisiae
14.5,5,1.226,1.222,Coccus,scerevisiae
15.0,5,1.268,1.264,Coccus,scerevisiae
15.5,5,1.310,1.306,Coccus,scerevisiae
16.0,5,1.353,1.349,Coccus,scerevisiae
16.5,5,1.395,1.391,Coccus,scerevisiae
17.0,5,1.438,1.433,Coccus,scerevisiae
17.5,5,1.480,1.475,Coccus,scerevisiae
18.0,5,1.522,1.517,Coccus,scerevisiae
18.5,5,1.565,1.560,Coccus,scerevisiae
19.0,5,1.607,1.602,Coccus,scerevisiae
19.5,5,1.649,1.644,Coccus,scerevisiae
20.0,5,1.692,1.686,Coccus,scerevisiae
20.5,5,1.734,1.728,Coccus,scerevisiae
21.0,5,1.777,1.771,Coccus,scerevisiae
21.5,5,1.819,1.813,Coccus,scerevisiae
22.0,5,1.861,1.855,Coccus,scerevisiae
22.5,5,1.904,1.897,Coccus,scerevisiae
23.0,5,1.946,1.939,Coccus,scerevisiae
23.5,5,1.989,1.982,Coccus,scerevisiae
24.0,5,2.031,2.024,Coccus,scerevisiae
24.5,5,2.074,2.066,Coccus,scerevisiae
25.0,5,2.116,2.108,Coccus,scerevisiae
25.5,5,2.158,2.150,Coccus,scerevisiae
26.0,5,2.201,2.193,Coccus,scerevisiae
26.5,5,2.243,2.235,Coccus,scerevisiae
27.0,5,2.285,2.277,Coccus,scerevisiae
27.5,5,2.328,2.319,Coccus,scerevisiae
28.0,5,2.370,2.361,Coccus,scerevisiae
28.5,5,2.413,2.404,Coccus,scerevisiae
29.0,5,2.455,2.446,Coccus,scerevisiae
29.5,5,2.498,2.488,Coccus,scerevisiae
30.0,5,2.540,2.530,Coccus,scerevisiae
30.5,5,2.582,2.572,Coccus,scerevisiae
31.0,5,2.625,2.615,Coccus,scerevisiae
31.5,5,2.667,2.657,Coccus,scerevisiae
32.0,5,2.709,2.699,Coccus,scerevisiae
32.5,5,2.752,2.741,Coccus,scerevisiae
33.0,5,2.794,2.783,Coccus,scerevisiae
33.5,5,2.837,2.826,Coccus,scerevisiae
34.0,5,2.879,2.868,Coccus,scerevisiae
34.5,5,2.921,2.910,Coccus,scerevisiae
35.0,5,2.964,2.952,Coccus,scerevisiae
35.5,5,3.006,2.994,Coccus,scerevisiae
36.0,5,3.049,3.037,Coccus,scerevisiae
36.5,5,3.091,3.079,Coccus,scerevisiae
37.0,5,3.134,3.121,Coccus,scerevisiae
37.5,5,3.176,3.163,Coccus,scerevisiae
38.0,5,3.218,3.205,Coccus,scerevisiae
38.5,5,3.261,3.248,Coccus,scerevisiae
39.0,5,3.303,3.290,Coccus,scerevisiae
39.5,5,3.345,3.332,Coccus,scerevisiae
40.0,5,3.388,3.374,Coccus,scerevisiae
40.5,5,3.430,3.416,Coccus,scerevisiae
41.0,5,3.473,3.459,Coccus,scerevisiae
41.5,5,3.515,3.501,Coccus,scerevisiae
42.0,5,3.558,3.543,Coccus,scerevisiae
42.5,5,3.600,3.585,Coccus,scerevisiae
43.0,5,3.642,3.627,Coccus,scerevisiae
43.5,5,3.685,3.670,Coccus,scerevisiae
44.0,5,3.727,3.712,Coccus,scerevisiae
44.5,5,3.769,3.754,Coccus,scerevisiae
45.0,5,3.812,3.796,Coccus,scerevisiae
45.5,5,3.854,3.838,Coccus,scerevisiae
46.0,5,3.897,3.881,Coccus,scerevisiae
46.5,5,3.939,3.923,Coccus,scerevisiae
47.0,5,3.982,3.965,Coccus,scerevisiae
47.5,5,4.024,4.007,Coccus,scerevisiae
48.0,5,4.066,4.049,Coccus,scerevisiae
48.5,5,4.109,4.092,Coccus,scerevisiae
49.0,5,4.151,4.134,Coccus,scerevisiae
49.5,5,4.194,4.176,Coccus,scerevisiae
50.0,5,4.236,4.218,Coccus,scerevisiae
50.5,5,4.278,4.260,Coccus,scerevisiae
51.0,5,4.321,4.303,Coccus,scerevisiae
51.5,5,4.363,4.345,Coccus,scerevisiae
52.0,5,4.405,4.387,Coccus,scerevisiae
52.5,5,4.448,4.429,Coccus,scerevisiae
53.0,5,4.490,4.471,Coccus,scerevisiae
53.5,5,4.533,4.514,Coccus,scerevisiae
54.0,5,4.575,4.556,Coccus,scerevisiae
54.5,5,4.617,4.598,Coccus,scerevisiae
55.0,5,4.660,4.640,Coccus,scerevisiae
55.5,5,4.702,4.682,Coccus,scerevisiae
56.0,5,4.745,4.725,Coccus,scerevisiae
56.5,5,4.787,4.767,Coccus,scerevisiae
57.0,5,4.830,4.809,Coccus,scerevisiae
57.5,5,4.872,4.851,Coccus,scerevisiae
58.0,5,4.914,4.893,Coccus,scerevisiae
58.5,5,4.957,4.936,Coccus,scerevisiae
59.0,5,4.999,4.978,Coccus,scerevisiae
59.5,5,5.042,5.020,Coccus,scerevisiae
60.0,5,5.084,5.062,Coccus,scerevisiae
60.5,5,5.126,5.104,Coccus,scerevisiae
61.0,5,5.169,5.147,Coccus,scerevisiae
61.5,5,5.211,5.189,Coccus,scerevisiae
62.0,5,5.253,5.231,Coccus,scerevisiae
62.5,5,5.296,5.273,Coccus,scerevisiae
63.0,5,5.338,5.315,Coccus,scerevisiae
63.5,5,5.381,5.358,Coccus,scerevisiae
64.0,5,5.423,5.400,Coccus,scerevisiae
64.5,5,5.465,5.442,Coccus,scerevisiae
65.0,5,5.508,5.484,Coccus,scerevisiae
65.5,5,5.550,5.526,Coccus,scerevisiae
66.0,5,5.593,5.569,Coccus,scerevisiae
66.5,5,5.635,5.611,Coccus,scerevisiae
67.0,5,5.678,5.653,Coccus,scerevisiae
67.5,5,5.720,5.695,Coccus,scerevisiae
68.0,5,5.762,5.737,Coccus,scerevisiae
68.5,5,5.805,5.780,Coccus,scerevisiae
69.0,5,5.847,5.822,Coccus,scerevisiae
69.5,5,5.889,5.864,Coccus,scerevisiae
70.0,5,5.932,5.906,Coccus,scerevisiae
70.5,5,5.974,5.948,Coccus,scerevisiae
71.0,5,6.017,5.991,Coccus,scerevisiae
71.5,5,6.059,6.033,Coccus,scerevisiae
72.0,5,6.101,6.075,Coccus,scerevisiae
72.5,5,6.144,6.117,Coccus,scerevisiae
73.0,5,6.186,6.159,Coccus,scerevisiae
73.5,5,6.229,6.202,Coccus,scerevisiae
74.0,5,6.271,6.244,Coccus,scerevisiae
74.5,5,6.314,6.286,Coccus,scerevisiae
75.0,5,6.356,6.328,Coccus,scerevisiae
75.5,5,6.398,6.370,Coccus,scerevisiae
76.0,5,6.441,6.413,Coccus,scerevisiae
76.5,5,6.483,6.455,Coccus,scerevisiae
77.0,5,6.526,6.497,Coccus,scerevisiae
77.5,5,6.568,6.539,Coccus,scerevisiae
78.0,5,6.610,6.581,Coccus,scerevisiae
78.5,5,6.653,6.624,Coccus,scerevisiae
79.0,5,6.695,6.666,Coccus,scerevisiae
79.5,5,6.737,6.708,Coccus,scerevisiae
80.0,5,6.780,6.750,Coccus,scerevisiae
80.5,5,6.822,6.792,Coccus,scerevisiae
81.0,5,6.865,6.835,Coccus,scerevisiae
81.5,5,6.907,6.877,Coccus,scerevisiae
82.0,5,6.949,6.919,Coccus,scerevisiae
82.5,5,6.992,6.961,Coccus,scerevisiae
83.0,5,7.034,7.003,Coccus,scerevisiae
83.5,5,7.077,7.046,Coccus,scerevisiae
84.0,5,7.119,7.088,Coccus,scerevisiae
84.5,5,7.162,7.130,Coccus,scerevisiae
85.0,5,7.204,7.172,Coccus,scerevisiae
85.5,5,7.246,7.214,Coccus,scerevisiae
86.0,5,7.289,7.257,Coccus,scerevisiae
86.5,5,7.331,7.299,Coccus,scerevisiae
87.0,5,7.373,7.341,Coccus,scerevisiae
87.5,5,7.416,7.383,Coccus,scerevisiae
88.0,5,7.458,7.425,Coccus,scerevisiae
88.5,5,7.501,7.468,Coccus,scerevisiae
89.0,5,7.543,7.510,Coccus,scerevisiae
89.5,5,7.585,7.552,Coccus,scerevisiae
90.0,5,7.628,7.594,Coccus,scerevisiae
90.5,5,7.670,7.636,Coccus,scerevisiae
91.0,5,7.713,7.679,Coccus,scerevisiae
0.0,6,0.000,0.000,Coccus,scerevisiae
0.5,6,0.038,0.035,Coccus,scerevisiae
1.0,6,0.098,0.091,Coccus,scerevisiae
1.5,6,0.136,0.131,Coccus,scerevisiae
2.0,6,0.185,0.176,Coccus,scerevisiae
2.5,6,0.232,0.221,Coccus,scerevisiae
3.0,6,0.279,0.266,Coccus,scerevisiae
3.5,6,0.325,0.311,Coccus,scerevisiae
4.0,6,0.372,0.356,Coccus,scerevisiae
4.5,6,0.419,0.401,Coccus,scerevisiae
5.0,6,0.466,0.446,Coccus,scerevisiae
5.5,6,0.513,0.491,Coccus,scerevisiae
6.0,6,0.559,0.536,Coccus,scerevisiae
6.5,6,0.606,0.581,Coccus,scerevisiae
7.0,6,0.653,0.625,Coccus,scerevisiae
7.5,6,0.700,0.670,Coccus,scerevisiae
8.0,6,0.747,0.715,Coccus,scerevisiae
8.5,6,0.793,0.760,Coccus,scerevisiae
9.0,6,0.840,0.805,Coccus,scerevisiae
9.5,6,0.887,0.850,Coccus,scerevisiae
10.0,6,0.934,0.895,Coccus,scerevisiae
10.5,6,0.981,0.940,Coccus,scerevisiae
11.0,6,1.027,0.985,Coccus,scerevisiae
11.5,6,1.074,1.030,Coccus,scerevisiae
12.0,6,1.121,1.075,Coccus,scerevisiae
12.5,6,1.168,1.119,Coccus,scerevisiae
13.0,6,1.215,1.164,Coccus,scerevisiae
13.5,6,1.261,1.209,Coccus,scerevisiae
14.0,6,1.308,1.254,Coccus,scerevisiae
14.5,6,1.355,1.299,Coccus,scerevisiae
15.0,6,1.402,1.344,Coccus,scerevisiae
15.5,6,1.449,1.389,Coccus,scerevisiae
16.0,6,1.495,1.434,Coccus,scerevisiae
16.5,6,1.542,1.479,Coccus,scerevisiae
17.0,6,1.589,1.524,Coccus,scerevisiae
17.5,6,1.636,1.568,Coccus,scerevisiae
18.0,6,1.683,1.613,Coccus,scerevisiae
18.5,6,1.729,1.658,Coccus,scerevisiae
19.0,6,1.776,1.703,Coccus,scerevisiae
19.5,6,1.823,1.748,Coccus,scerevisiae
20.0,6,1.870,1.793,Coccus,scerevisiae
20.5,6,1.917,1.838,Coccus,scerevisiae
21.0,6,1.963,1.883,Coccus,scerevisiae
21.5,6,2.010,1.928,Coccus,scerevisiae
22.0,6,2.057,1.972,Coccus,scerevisiae
22.5,6,2.104,2.017,Coccus,scerevisiae
23.0,6,2.151,2.062,Coccus,scerevisiae
23.5,6,2.197,2.107,Coccus,scerevisiae
24.0,6,2.244,2.152,Coccus,scerevisiae
24.5,6,2.291,2.197,Coccus,scerevisiae
25.0,6,2.338,2.242,Coccus,scerevisiae
25.5,6,2.385,2.287,Coccus,scerevisiae
26.0,6,2.431,2.332,Coccus,scerevisiae
26.5,6,2.478,2.377,Coccus,scerevisiae
27.0,6,2.525,2.421,Coccus,scerevisiae
27.5,6,2.572,2.466,Coccus,scerevisiae
28.0,6,2.619,2.511,Coccus,scerevisiae
28.5,6,2.665,2.556,Coccus,scerevisiae
29.0,6,2.712,2.601,Coccus,scerevisiae
29.5,6,2.759,2.646,Coccus,scerevisiae
30.0,6,2.806,2.691,Coccus,scerevisiae
30.5,6,2.853,2.736,Coccus,scerevisiae
31.0,6,2.899,2.781,Coccus,scerevisiae
31.5,6,2.946,2.826,Coccus,scerevisiae
32.0,6,2.993,2.870,Coccus,scerevisiae
32.5,6,3.040,2.915,Coccus,scerevisiae
33.0,6,3.087,2.960,Coccus,scerevisiae
33.5,6,3.133,3.005,Coccus,scerevisiae
34.0,6,3.180,3.050,Coccus,scerevisiae
34.5,6,3.227,3.095,Coccus,scerevisiae
35.0,6,3.274,3.140,Coccus,scerevisiae
35.5,6,3.321,3.185,Coccus,scerevisiae
36.0,6,3.367,3.230,Coccus,scerevisiae
36.5,6,3.414,3.275,Coccus,scerevisiae
37.0,6,3.461,3.320,Coccus,scerevisiae
37.5,6,3.508,3.364,Coccus,scerevisiae
38.0,6,3.555,3.409,Coccus,scerevisiae
38.5,6,3.601,3.454,Coccus,scerevisiae
39.0,6,3.648,3.499,Coccus,scerevisiae
39.5,6,3.695,3.544,Coccus,scerevisiae
40.0,6,3.742,3.589,Coccus,scerevisiae
40.5,6,3.789,3.634,Coccus,scerevisiae
41.0,6,3.835,3.679,Coccus,scerevisiae
41.5,6,3.882,3.724,Coccus,scerevisiae
42.0,6,3.929,3.768,Coccus,scerevisiae
42.5,6,3.976,3.813,Coccus,scerevisiae
43.0,6,4.023,3.858,Coccus,scerevisiae
43.5,6,4.069,3.903,Coccus,scerevisiae
44.0,6,4.116,3.948,Coccus,scerevisiae
44.5,6,4.163,3.993,Coccus,scerevisiae
45.0,6,4.210,4.038,Coccus,scerevisiae
45.5,6,4.257,4.083,Coccus,scerevisiae
46.0,6,4.303,4.128,Coccus,scerevisiae
46.5,6,4.350,4.173,Coccus,scerevisiae
47.0,6,4.397,4.218,Coccus,scerevisiae
47.5,6,4.444,4.262,Coccus,scerevisiae
48.0,6,4.491,4.307,Coccus,scerevisiae
48.5,6,4.537,4.352,Coccus,scerevisiae
49.0,6,4.584,4.397,Coccus,scerevisiae
49.5,6,4.631,4.442,Coccus,scerevisiae
50.0,6,4.678,4.487,Coccus,scerevisiae
50.5,6,4.725,4.532,Coccus,scerevisiae
51.0,6,4.771,4.577,Coccus,scerevisiae
51.5,6,4.818,4.622,Coccus,scerevisiae
52.0,6,4.865,4.667,Coccus,scerevisiae
52.5,6,4.912,4.711,Coccus,scerevisiae
53.0,6,4.959,4.756,Coccus,scerevisiae
53.5,6,5.005,4.801,Coccus,scerevisiae
54.0,6,5.052,4.846,Coccus,scerevisiae
54.5,6,5.099,4.891,Coccus,scerevisiae
55.0,6,5.146,4.936,Coccus,scerevisiae
55.5,6,5.193,4.981,Coccus,scerevisiae
56.0,6,5.239,5.026,Coccus,scerevisiae
56.5,6,5.286,5.071,Coccus,scerevisiae
57.0,6,5.333,5.115,Coccus,scerevisiae
57.5,6,5.380,5.160,Coccus,scerevisiae
58.0,6,5.427,5.205,Coccus,scerevisiae
58.5,6,5.473,5.250,Coccus,scerevisiae
59.0,6,5.520,5.295,Coccus,scerevisiae
59.5,6,5.567,5.340,Coccus,scerevisiae
60.0,6,5.614,5.385,Coccus,scerevisiae
60.5,6,5.661,5.430,Coccus,scerevisiae
61.0,6,5.707,5.475,Coccus,scerevisiae
61.5,6,5.754,5.520,Coccus,scerevisiae
62.0,6,5.801,5.564,Coccus,scerevisiae
62.5,6,5.848,5.609,Coccus,scerevisiae
63.0,6,5.895,5.654,Coccus,scerevisiae
63.5,6,5.941,5.699,Coccus,scerevisiae
64.0,6,5.988,5.744,Coccus,scerevisiae
64.5,6,6.035,5.789,Coccus,scerevisiae
65.0,6,6.082,5.834,Coccus,scerevisiae
65.5,6,6.129,5.879,Coccus,scerevisiae
66.0,6,6.175,5.924,Coccus,scerevisiae
66.5,6,6.222,5.969,Coccus,scerevisiae
67.0,6,6.269,6.013,Coccus,scerevisiae
67.5,6,6.316,6.058,Coccus,scerevisiae
68.0,6,6.363,6.103,Coccus,scerevisiae
68.5,6,6.409,6.148,Coccus,scerevisiae
69.0,6,6.456,6.193,Coccus,scerevisiae
69.5,6,6.503,6.238,Coccus,scerevisiae
70.0,6,6.550,6.283,Coccus,scerevisiae
70.5,6,6.597,6.328,Coccus,scerevisiae
71.0,6,6.643,6.373,Coccus,scerevisiae
71.5,6,6.690,6.418,Coccus,scerevisiae
72.0,6,6.737,6.463,Coccus,scerevisiae
72.5,6,6.784,6.507,Coccus,scerevisiae
73.0,6,6.831,6.552,Coccus,scerevisiae
73.5,6,6.877,6.597,Coccus,scerevisiae
74.0,6,6.924,6.642,Coccus,scerevisiae
74.5,6,6.971,6.687,Coccus,scerevisiae
75.0,6,7.018,6.732,Coccus,scerevisiae
75.5,6,7.065,6.777,Coccus,scerevisiae
76.0,6,7.111,6.822,Coccus,scerevisiae
76.5,6,7.158,6.867,Coccus,scerevisiae
77.0,6,7.205,6.912,Coccus,scerevisiae
77.5,6,7.252,6.956,Coccus,scerevisiae
78.0,6,7.299,7.001,Coccus,scerevisiae
78.5,6,7.345,7.046,Coccus,scerevisiae
79.0,6,7.392,7.091,Coccus,scerevisiae
79.5,6,7.439,7.136,Coccus,scerevisiae
80.0,6,7.486,7.181,Coccus,scerevisiae
80.5,6,7.533,7.226,Coccus,scerevisiae
81.0,6,7.579,7.271,Coccus,scerevisiae
81.5,6,7.626,7.316,Coccus,scerevisiae
82.0,6,7.673,7.361,Coccus,scerevisiae
82.5,6,7.720,7.405,Coccus,scerevisiae
83.0,6,7.767,7.450,Coccus,scerevisiae
83.5,6,7.813,7.495,Coccus,scerevisiae
84.0,6,7.860,7.540,Coccus,scerevisiae
84.5,6,7.907,7.585,Coccus,scerevisiae
85.0,6,7.954,7.630,Coccus,scerevisiae
85.5,6,8.001,7.675,Coccus,scerevisiae
86.0,6,8.047,7.720,Coccus,scerevisiae
86.5,6,8.094,7.765,Coccus,scerevisiae
87.0,6,8.141,7.809,Coccus,scerevisiae
87.5,6,8.188,7.854,Coccus,scerevisiae
88.0,6,8.235,7.899,Coccus,scerevisiae
